00:30:01,lsass.exe,496,RegOpenKey,HKLM\SAM\SAM\DOMAINS\Account\Groups\000003E8,NAME,NOT,FOUND,Desired,Access:,Read/Write,,
00:31:05,lsass.exe,496,RegOpenKey,HKLM\SAM\SAM\DOMAINS\Account\Aliases\000003E8,NAME,NOT,FOUND,Desired,Access:,Read/Write,,
00:33:09,lsass.exe,496,RegOpenKey,HKLM\SAM\SAM\DOMAINS\Account\Users\000003E8,SUCCESS,Desired,Access:,Read/Write,,,,
00:36:02,lsass.exe,496,RegQueryValue,HKLM\SAM\SAM\Domains\Account\Users\000003E8\V,SUCCESS,"Type: REG_BINARY, Length: 444, Data: 00 00 00 00 BC 00 00 00 02 00 01 00 BC 00 00 00",,,,,,
00:27:03,lsass.exe,496,RegCloseKey,HKLM\SAM\SAM\Domains\Account\Users\000003E8,SUCCESS,,,,,,,
00:38:07,lsass.exe,496,RegOpenKey,HKLM\SAM\SAM\DOMAINS\Account\Groups\000003E8,NAME,NOT,FOUND,Desired,Access:,Read/Write,,
00:39:05,lsass.exe,496,RegOpenKey,HKLM\SAM\SAM\DOMAINS\Account\Aliases\000003E8,NAME,NOT,FOUND,Desired,Access:,Read/Write,,
00:45:07,lsass.exe,496,RegOpenKey,HKLM\SAM\SAM\DOMAINS\Account\Users\000003E8,SUCCESS,Desired,Access:,Read/Write,,,,
00:45:09,lsass.exe,496,RegQueryValue,HKLM\SAM\SAM\Domains\Account\Users\000003E8\V,SUCCESS,"Type: REG_BINARY, Length: 444, Data: 00 00 00 00 BC 00 00 00 02 00 01 00 BC 00 00 00",,,,,,
00:46:01,lsass.exe,496,RegCloseKey,HKLM\SAM\SAM\Domains\Account\Users\000003E8,SUCCESS,,,,,,,
00:58.7,svchost.exe,892,ReadFile,C:\Windows\System32\mshtml.dll,SUCCESS,"Offset: 4,322,304, Length: 4,096, I/O Flags: Non-cached, Paging I/O, Priority: Very Low",,,,,,
00:58.7,svchost.exe,892,ReadFile,C:\Windows\System32\mshtml.dll,SUCCESS,"Offset: 4,322,304, Length: 4,096, I/O Flags: Non-cached, Paging I/O, Priority: Very Low",,,,,,
00:58.7,svchost.exe,892,ReadFile,C:\Windows\System32\mshtml.dll,SUCCESS,"Offset: 4,322,304, Length: 4,096, I/O Flags: Non-cached, Paging I/O, Priority: Very Low",,,,,,
00:58.7,svchost.exe,892,ReadFile,C:\Windows\System32\mshtml.dll,SUCCESS,"Offset: 4,322,304, Length: 4,096, I/O Flags: Non-cached, Paging I/O, Priority: Very Low",,,,,,
00:58.7,svchost.exe,892,ReadFile,C:\Windows\System32\mshtml.dll,SUCCESS,"Offset: 4,322,304, Length: 4,096, I/O Flags: Non-cached, Paging I/O, Priority: Very Low",,,,,,
00:58.7,svchost.exe,892,ReadFile,C:\Windows\System32\mshtml.dll,SUCCESS,"Offset: 4,322,304, Length: 4,096, I/O Flags: Non-cached, Paging I/O, Priority: Very Low",,,,,,
00:58.7,svchost.exe,892,ReadFile,C:\Windows\System32\mshtml.dll,SUCCESS,"Offset: 4,322,304, Length: 4,096, I/O Flags: Non-cached, Paging I/O, Priority: Very Low",,,,,,
00:58.7,svchost.exe,892,ReadFile,C:\Windows\System32\mshtml.dll,SUCCESS,"Offset: 4,322,304, Length: 4,096, I/O Flags: Non-cached, Paging I/O, Priority: Very Low",,,,,,
00:58.7,svchost.exe,892,ReadFile,C:\Windows\System32\mshtml.dll,SUCCESS,"Offset: 4,322,304, Length: 4,096, I/O Flags: Non-cached, Paging I/O, Priority: Very Low",,,,,,
00:58.7,svchost.exe,892,ReadFile,C:\Windows\System32\mshtml.dll,SUCCESS,"Offset: 4,322,304, Length: 4,096, I/O Flags: Non-cached, Paging I/O, Priority: Very Low",,,,,,
00:58.7,svchost.exe,892,ReadFile,C:\Windows\System32\mshtml.dll,SUCCESS,"Offset: 4,322,304, Length: 4,096, I/O Flags: Non-cached, Paging I/O, Priority: Very Low",,,,,,
00:58.7,svchost.exe,892,ReadFile,C:\Windows\System32\mshtml.dll,SUCCESS,"Offset: 4,322,304, Length: 4,096, I/O Flags: Non-cached, Paging I/O, Priority: Very Low",,,,,,
00:58.7,svchost.exe,892,ReadFile,C:\Windows\System32\mshtml.dll,SUCCESS,"Offset: 4,322,304, Length: 4,096, I/O Flags: Non-cached, Paging I/O, Priority: Very Low",,,,,,
00:59.8,chrome.exe,3932,Thread,Exit,SUCCESS,"Thread ID: 3620, User Time: 0.0000000, Kernel Time: 0.0000000",,,,,,
01:05.5,chrome.exe,3932,Thread,Exit,SUCCESS,"Thread ID: 3796, User Time: 0.0156250, Kernel Time: 0.0000000",,,,,,
01:08.5,svchost.exe,892,ReadFile,C:\Windows\System32\mshtml.dll,SUCCESS,"Offset: 4,338,688, Length: 4,096, I/O Flags: Non-cached, Paging I/O, Priority: Very Low",,,,,,
01:09.3,svchost.exe,892,ReadFile,C:\Windows\System32\mshtml.dll,SUCCESS,"Offset: 5,112,832, Length: 4,096, I/O Flags: Non-cached, Paging I/O, Priority: Very Low",,,,,,
01:10.8,svchost.exe,892,ReadFile,C:\Windows\System32\mshtml.dll,SUCCESS,"Offset: 5,771,264, Length: 4,096, I/O Flags: Non-cached, Paging I/O, Priority: Very Low",,,,,,
00:57.6,svchost.exe,2732,CloseFile,C:\Windows\System32\mshtml.dll,SUCCESS,"Offset: 3,671,040, Length: 4,096, I/O Flags: Non-cached, Paging I/O, Priority: Very Low",,,,,,
00:58.7,svchost.exe,2732,CloseFile,C:\Windows\System32\mshtml.dll,SUCCESS,"Offset: 4,322,304, Length: 4,096, I/O Flags: Non-cached, Paging I/O, Priority: Very Low",,,,,,
01:08.5,svchost.exe,2732,CloseFile,C:\Windows\System32\mshtml.dll,SUCCESS,"Offset: 4,338,688, Length: 4,096, I/O Flags: Non-cached, Paging I/O, Priority: Very Low",,,,,,
01:09.3,svchost.exe,2732,CloseFile,C:\Windows\System32\mshtml.dll,SUCCESS,"Offset: 5,112,832, Length: 4,096, I/O Flags: Non-cached, Paging I/O, Priority: Very Low",,,,,,
01:10.8,svchost.exe,2732,CloseFile,C:\Windows\System32\mshtml.dll,SUCCESS,"Offset: 5,771,264, Length: 4,096, I/O Flags: Non-cached, Paging I/O, Priority: Very Low",,,,,,
00:57.6,svchost.exe,2732,CloseFile,C:\Windows\System32\mshtml.dll,SUCCESS,"Offset: 3,671,040, Length: 4,096, I/O Flags: Non-cached, Paging I/O, Priority: Very Low",,,,,,
00:58.7,svchost.exe,2732,CloseFile,C:\Windows\System32\mshtml.dll,SUCCESS,"Offset: 4,322,304, Length: 4,096, I/O Flags: Non-cached, Paging I/O, Priority: Very Low",,,,,,
01:08.5,svchost.exe,2732,CloseFile,C:\Windows\System32\mshtml.dll,SUCCESS,"Offset: 4,338,688, Length: 4,096, I/O Flags: Non-cached, Paging I/O, Priority: Very Low",,,,,,
01:09.3,svchost.exe,2732,CloseFile,C:\Windows\System32\mshtml.dll,SUCCESS,"Offset: 5,112,832, Length: 4,096, I/O Flags: Non-cached, Paging I/O, Priority: Very Low",,,,,,
01:10.8,svchost.exe,2732,CloseFile,C:\Windows\System32\mshtml.dll,SUCCESS,"Offset: 5,771,264, Length: 4,096, I/O Flags: Non-cached, Paging I/O, Priority: Very Low",,,,,,
00:57.6,svchost.exe,2732,CloseFile,C:\Windows\System32\mshtml.dll,SUCCESS,"Offset: 3,671,040, Length: 4,096, I/O Flags: Non-cached, Paging I/O, Priority: Very Low",,,,,,
00:58.7,svchost.exe,2732,CloseFile,C:\Windows\System32\mshtml.dll,SUCCESS,"Offset: 4,322,304, Length: 4,096, I/O Flags: Non-cached, Paging I/O, Priority: Very Low",,,,,,
01:08.5,svchost.exe,2732,CloseFile,C:\Windows\System32\mshtml.dll,SUCCESS,"Offset: 4,338,688, Length: 4,096, I/O Flags: Non-cached, Paging I/O, Priority: Very Low",,,,,,
01:09.3,svchost.exe,2732,CloseFile,C:\Windows\System32\mshtml.dll,SUCCESS,"Offset: 5,112,832, Length: 4,096, I/O Flags: Non-cached, Paging I/O, Priority: Very Low",,,,,,
01:10.8,svchost.exe,2732,CloseFile,C:\Windows\System32\mshtml.dll,SUCCESS,"Offset: 5,771,264, Length: 4,096, I/O Flags: Non-cached, Paging I/O, Priority: Very Low",,,,,,
01:11.1,svchost.exe,400,RegQueryValue,HKLM\SOFTWARE\Microsoft\Windows\CurrentVersion\SideBySide\PublisherPolicyChangeTime,SUCCESS,"Type: REG_QWORD, Length: 8, Data: ",,,,,,
01:12.1,svchost.exe,400,RegQueryValue,HKLM\SOFTWARE\Microsoft\Windows\CurrentVersion\SideBySide\PublisherPolicyChangeTime,SUCCESS,"Type: REG_QWORD, Length: 8, Data: ",,,,,,
01:11.1,svchost.exe,400,RegQueryValue,HKLM\SOFTWARE\Microsoft\Windows\CurrentVersion\SideBySide\PublisherPolicyChangeTime,SUCCESS,"Type: REG_QWORD, Length: 8, Data: ",,,,,,
01:12.1,svchost.exe,400,RegQueryValue,HKLM\SOFTWARE\Microsoft\Windows\CurrentVersion\SideBySide\PublisherPolicyChangeTime,SUCCESS,"Type: REG_QWORD, Length: 8, Data: ",,,,,,
01:11.1,svchost.exe,400,RegQueryValue,HKLM\SOFTWARE\Microsoft\Windows\CurrentVersion\SideBySide\PublisherPolicyChangeTime,SUCCESS,"Type: REG_QWORD, Length: 8, Data: ",,,,,,
01:12.1,svchost.exe,400,RegQueryValue,HKLM\SOFTWARE\Microsoft\Windows\CurrentVersion\SideBySide\PublisherPolicyChangeTime,SUCCESS,"Type: REG_QWORD, Length: 8, Data: ",,,,,,
01:11.1,svchost.exe,400,RegQueryValue,HKLM\SOFTWARE\Microsoft\Windows\CurrentVersion\SideBySide\PublisherPolicyChangeTime,SUCCESS,"Type: REG_QWORD, Length: 8, Data: ",,,,,,
01:12.1,svchost.exe,400,RegQueryValue,HKLM\SOFTWARE\Microsoft\Windows\CurrentVersion\SideBySide\PublisherPolicyChangeTime,SUCCESS,"Type: REG_QWORD, Length: 8, Data: ",,,,,,
01:11.1,svchost.exe,400,RegQueryValue,HKLM\SOFTWARE\Microsoft\Windows\CurrentVersion\SideBySide\PublisherPolicyChangeTime,SUCCESS,"Type: REG_QWORD, Length: 8, Data: ",,,,,,
01:12.1,svchost.exe,400,RegQueryValue,HKLM\SOFTWARE\Microsoft\Windows\CurrentVersion\SideBySide\PublisherPolicyChangeTime,SUCCESS,"Type: REG_QWORD, Length: 8, Data: ",,,,,,
01:11.1,svchost.exe,400,RegQueryValue,HKLM\SOFTWARE\Microsoft\Windows\CurrentVersion\SideBySide\PublisherPolicyChangeTime,SUCCESS,"Type: REG_QWORD, Length: 8, Data: ",,,,,,
01:12.1,svchost.exe,400,RegQueryValue,HKLM\SOFTWARE\Microsoft\Windows\CurrentVersion\SideBySide\PublisherPolicyChangeTime,SUCCESS,"Type: REG_QWORD, Length: 8, Data: ",,,,,,
01:11.1,svchost.exe,400,RegQueryValue,HKLM\SOFTWARE\Microsoft\Windows\CurrentVersion\SideBySide\PublisherPolicyChangeTime,SUCCESS,"Type: REG_QWORD, Length: 8, Data: ",,,,,,
01:12.1,svchost.exe,400,RegQueryValue,HKLM\SOFTWARE\Microsoft\Windows\CurrentVersion\SideBySide\PublisherPolicyChangeTime,SUCCESS,"Type: REG_QWORD, Length: 8, Data: ",,,,,,
01:11.1,svchost.exe,400,RegQueryValue,HKLM\SOFTWARE\Microsoft\Windows\CurrentVersion\SideBySide\PublisherPolicyChangeTime,SUCCESS,"Type: REG_QWORD, Length: 8, Data: ",,,,,,
01:12.1,svchost.exe,400,RegQueryValue,HKLM\SOFTWARE\Microsoft\Windows\CurrentVersion\SideBySide\PublisherPolicyChangeTime,SUCCESS,"Type: REG_QWORD, Length: 8, Data: ",,,,,,
01:11.1,svchost.exe,400,RegQueryValue,HKLM\SOFTWARE\Microsoft\Windows\CurrentVersion\SideBySide\PublisherPolicyChangeTime,SUCCESS,"Type: REG_QWORD, Length: 8, Data: ",,,,,,
01:12.1,svchost.exe,400,RegQueryValue,HKLM\SOFTWARE\Microsoft\Windows\CurrentVersion\SideBySide\PublisherPolicyChangeTime,SUCCESS,"Type: REG_QWORD, Length: 8, Data: ",,,,,,
01:11.1,svchost.exe,400,RegQueryValue,HKLM\SOFTWARE\Microsoft\Windows\CurrentVersion\SideBySide\PublisherPolicyChangeTime,SUCCESS,"Type: REG_QWORD, Length: 8, Data: ",,,,,,
01:12.1,svchost.exe,400,RegQueryValue,HKLM\SOFTWARE\Microsoft\Windows\CurrentVersion\SideBySide\PublisherPolicyChangeTime,SUCCESS,"Type: REG_QWORD, Length: 8, Data: ",,,,,,
01:11.1,svchost.exe,400,RegQueryValue,HKLM\SOFTWARE\Microsoft\Windows\CurrentVersion\SideBySide\PublisherPolicyChangeTime,SUCCESS,"Type: REG_QWORD, Length: 8, Data: ",,,,,,
01:12.1,svchost.exe,400,RegQueryValue,HKLM\SOFTWARE\Microsoft\Windows\CurrentVersion\SideBySide\PublisherPolicyChangeTime,SUCCESS,"Type: REG_QWORD, Length: 8, Data: ",,,,,,
01:11.1,csrss.exe,400,RegQueryValue,HKLM\SOFTWARE\Microsoft\Windows\CurrentVersion\SideBySide\PublisherPolicyChangeTime,SUCCESS,"Type: REG_QWORD, Length: 8, Data: ",,,,,,
01:12.1,csrss.exe,400,RegQueryValue,HKLM\SOFTWARE\Microsoft\Windows\CurrentVersion\SideBySide\PublisherPolicyChangeTime,SUCCESS,"Type: REG_QWORD, Length: 8, Data: ",,,,,,
01:13.2,chrome.exe,3932,Thread,Exit,SUCCESS,"Thread ID: 2280, User Time: 0.0000000, Kernel Time: 0.0156250",,,,,,
01:15.3,csrss.exe,400,RegQueryValue,HKLM\SOFTWARE\Microsoft\Windows\CurrentVersion\SideBySide\PublisherPolicyChangeTime,SUCCESS,"Type: REG_QWORD, Length: 8, Data: ",,,,,,
01:18.5,csrss.exe,400,RegQueryValue,HKLM\SOFTWARE\Microsoft\Windows\CurrentVersion\SideBySide\PublisherPolicyChangeTime,SUCCESS,"Type: REG_QWORD, Length: 8, Data: ",,,,,,
01:20.6,csrss.exe,400,RegQueryValue,HKLM\SOFTWARE\Microsoft\Windows\CurrentVersion\SideBySide\PublisherPolicyChangeTime,SUCCESS,"Type: REG_QWORD, Length: 8, Data: ",,,,,,
01:23.7,csrss.exe,400,RegQueryValue,HKLM\SOFTWARE\Microsoft\Windows\CurrentVersion\SideBySide\PublisherPolicyChangeTime,SUCCESS,"Type: REG_QWORD, Length: 8, Data: ",,,,,,
01:15.3,csrss.exe,400,RegQueryValue,HKLM\SOFTWARE\Microsoft\Windows\CurrentVersion\SideBySide\PublisherPolicyChangeTime,SUCCESS,"Type: REG_QWORD, Length: 8, Data: ",,,,,,
01:18.5,csrss.exe,400,RegQueryValue,HKLM\SOFTWARE\Microsoft\Windows\CurrentVersion\SideBySide\PublisherPolicyChangeTime,SUCCESS,"Type: REG_QWORD, Length: 8, Data: ",,,,,,
01:20.6,csrss.exe,400,RegQueryValue,HKLM\SOFTWARE\Microsoft\Windows\CurrentVersion\SideBySide\PublisherPolicyChangeTime,SUCCESS,"Type: REG_QWORD, Length: 8, Data: ",,,,,,
01:23.7,csrss.exe,400,RegQueryValue,HKLM\SOFTWARE\Microsoft\Windows\CurrentVersion\SideBySide\PublisherPolicyChangeTime,SUCCESS,"Type: REG_QWORD, Length: 8, Data: ",,,,,,
01:25.8,chrome.exe,3932,Thread,Exit,SUCCESS,"Thread ID: 2280, User Time: 0.0000000, Kernel Time: 0.0156250",,,,,,
01:39.8,chrome.exe,3932,Thread,Exit,SUCCESS,"Thread ID: 2280, User Time: 0.0000000, Kernel Time: 0.0156250",,,,,,
01:46.5,chrome.exe,3932,Thread,Exit,SUCCESS,"Thread ID: 2280, User Time: 0.0000000, Kernel Time: 0.0156250",,,,,,
01:47.1,rundll32.exe,2732,RegEnumValue,HKLM\SOFTWARE\Microsoft\Windows\CurrentVersion\Explorer\RemoveAccess,NO,MORE,ENTRIES,"Index: 0, Length: 1,040",,,,
01:47.1,rundll32.exe,2732,RegEnumValue,HKLM\SOFTWARE\Microsoft\Windows\CurrentVersion\Explorer\RemoveAccess,NO,MORE,ENTRIES,"Index: 0, Length: 1,040",,,,
01:47.1,rundll32.exe,2732,RegEnumValue,HKLM\SOFTWARE\Microsoft\Windows\CurrentVersion\Explorer\RemoveAccess,NO,MORE,ENTRIES,"Index: 0, Length: 1,040",,,,
01:47.1,rundll32.exe,2732,RegEnumValue,HKLM\SOFTWARE\Microsoft\Windows\CurrentVersion\Explorer\RemoveAccess,NO,MORE,ENTRIES,"Index: 0, Length: 1,040",,,,
01:47.1,rundll32.exe,2732,RegEnumValue,HKLM\SOFTWARE\Microsoft\Windows\CurrentVersion\Explorer\RemoveAccess,NO,MORE,ENTRIES,"Index: 0, Length: 1,040",,,,
01:47.1,rundll32.exe,2732,RegEnumValue,HKLM\SOFTWARE\Microsoft\Windows\CurrentVersion\Explorer\RemoveAccess,NO,MORE,ENTRIES,"Index: 0, Length: 1,040",,,,
01:47.1,rundll32.exe,2732,RegEnumValue,HKLM\SOFTWARE\Microsoft\Windows\CurrentVersion\Explorer\RemoveAccess,NO,MORE,ENTRIES,"Index: 0, Length: 1,040",,,,
01:47.1,rundll32.exe,2732,RegEnumValue,HKLM\SOFTWARE\Microsoft\Windows\CurrentVersion\Explorer\RemoveAccess,NO,MORE,ENTRIES,"Index: 0, Length: 1,040",,,,
01:47.1,rundll32.exe,2732,RegEnumValue,HKLM\SOFTWARE\Microsoft\Windows\CurrentVersion\Explorer\RemoveAccess,NO,MORE,ENTRIES,"Index: 0, Length: 1,040",,,,
01:47.1,rundll32.exe,2732,RegEnumValue,HKLM\SOFTWARE\Microsoft\Windows\CurrentVersion\Explorer\RemoveAccess,NO,MORE,ENTRIES,"Index: 0, Length: 1,040",,,,
01:47.1,rundll32.exe,2732,RegEnumValue,HKLM\SOFTWARE\Microsoft\Windows\CurrentVersion\Explorer\RemoveAccess,NO,MORE,ENTRIES,"Index: 0, Length: 1,040",,,,
01:47.1,rundll32.exe,2732,RegEnumValue,HKLM\SOFTWARE\Microsoft\Windows\CurrentVersion\Explorer\RemoveAccess,NO,MORE,ENTRIES,"Index: 0, Length: 1,040",,,,
01:47.1,rundll32.exe,2732,RegEnumValue,HKLM\SOFTWARE\Microsoft\Windows\CurrentVersion\Explorer\RemoveAccess,NO,MORE,ENTRIES,"Index: 0, Length: 1,040",,,,
01:47.1,rundll32.exe,2732,RegEnumValue,HKLM\SOFTWARE\Microsoft\Windows\CurrentVersion\Explorer\RemoveAccess,NO,MORE,ENTRIES,"Index: 0, Length: 1,040",,,,
01:47.1,rundll32.exe,2732,RegEnumValue,HKLM\SOFTWARE\Microsoft\Windows\CurrentVersion\Explorer\RemoveAccess,NO,MORE,ENTRIES,"Index: 0, Length: 1,040",,,,
01:47.1,rundll32.exe,2732,RegEnumValue,HKLM\SOFTWARE\Microsoft\Windows\CurrentVersion\Explorer\RemoveAccess,NO,MORE,ENTRIES,"Index: 0, Length: 1,040",,,,
01:47.1,rundll32.exe,2732,RegEnumValue,HKLM\SOFTWARE\Microsoft\Windows\CurrentVersion\Explorer\RemoveAccess,NO,MORE,ENTRIES,"Index: 0, Length: 1,040",,,,
01:47.1,rundll32.exe,2732,RegEnumValue,HKLM\SOFTWARE\Microsoft\Windows\CurrentVersion\Explorer\RemoveAccess,NO,MORE,ENTRIES,"Index: 0, Length: 1,040",,,,
01:47.1,rundll32.exe,2732,RegEnumValue,HKLM\SOFTWARE\Microsoft\Windows\CurrentVersion\Explorer\RemoveAccess,NO,MORE,ENTRIES,"Index: 0, Length: 1,040",,,,
01:47.1,rundll32.exe,2732,RegEnumValue,HKLM\SOFTWARE\Microsoft\Windows\CurrentVersion\Explorer\RemoveAccess,NO,MORE,ENTRIES,"Index: 0, Length: 1,040",,,,
01:47.1,rundll32.exe,2732,RegEnumValue,HKLM\SOFTWARE\Microsoft\Windows\CurrentVersion\Explorer\RemoveAccess,NO,MORE,ENTRIES,"Index: 0, Length: 1,040",,,,
01:48.1,rundll32.exe,2732,RegCloseKey,HKLM\SOFTWARE\Microsoft\Windows\CurrentVersion\Explorer\RemoveAccess,SUCCESS,,,,,,,
01:48.1,svchost.exe,2732,RegCloseKey,HKLM\SOFTWARE\Microsoft\Windows\CurrentVersion\Explorer\RemoveAccess,SUCCESS,,,,,,,
01:48.1,svchost.exe,2732,RegCloseKey,HKLM\SOFTWARE\Microsoft\Windows\CurrentVersion\Explorer\RemoveAccess,SUCCESS,,,,,,,
01:48.1,svchost.exe,2732,RegCloseKey,HKLM\SOFTWARE\Microsoft\Windows\CurrentVersion\Explorer\RemoveAccess,SUCCESS,,,,,,,
01:48.1,svchost.exe,2732,RegCloseKey,HKLM\SOFTWARE\Microsoft\Windows\CurrentVersion\Explorer\RemoveAccess,SUCCESS,,,,,,,
01:48.1,svchost.exe,2732,RegCloseKey,HKLM\SOFTWARE\Microsoft\Windows\CurrentVersion\Explorer\RemoveAccess,SUCCESS,,,,,,,
01:48.1,svchost.exe,2732,RegCloseKey,HKLM\SOFTWARE\Microsoft\Windows\CurrentVersion\Explorer\RemoveAccess,SUCCESS,,,,,,,
01:48.1,svchost.exe,2732,RegCloseKey,HKLM\SOFTWARE\Microsoft\Windows\CurrentVersion\Explorer\RemoveAccess,SUCCESS,,,,,,,
01:48.1,svchost.exe,2732,RegCloseKey,HKLM\SOFTWARE\Microsoft\Windows\CurrentVersion\Explorer\RemoveAccess,SUCCESS,,,,,,,
01:48.1,svchost.exe,2732,RegCloseKey,HKLM\SOFTWARE\Microsoft\Windows\CurrentVersion\Explorer\RemoveAccess,SUCCESS,,,,,,,
01:48.1,svchost.exe,2732,RegCloseKey,HKLM\SOFTWARE\Microsoft\Windows\CurrentVersion\Explorer\RemoveAccess,SUCCESS,,,,,,,
01:48.1,svchost.exe,2732,RegCloseKey,HKLM\SOFTWARE\Microsoft\Windows\CurrentVersion\Explorer\RemoveAccess,SUCCESS,,,,,,,
01:48.1,svchost.exe,2732,RegCloseKey,HKLM\SOFTWARE\Microsoft\Windows\CurrentVersion\Explorer\RemoveAccess,SUCCESS,,,,,,,
01:48.1,svchost.exe,2732,RegCloseKey,HKLM\SOFTWARE\Microsoft\Windows\CurrentVersion\Explorer\RemoveAccess,SUCCESS,,,,,,,
01:48.1,svchost.exe,2732,RegCloseKey,HKLM\SOFTWARE\Microsoft\Windows\CurrentVersion\Explorer\RemoveAccess,SUCCESS,,,,,,,
01:48.1,svchost.exe,2732,RegCloseKey,HKLM\SOFTWARE\Microsoft\Windows\CurrentVersion\Explorer\RemoveAccess,SUCCESS,,,,,,,
01:48.1,svchost.exe,2732,RegCloseKey,HKLM\SOFTWARE\Microsoft\Windows\CurrentVersion\Explorer\RemoveAccess,SUCCESS,,,,,,,
01:48.1,svchost.exe,2732,RegCloseKey,HKLM\SOFTWARE\Microsoft\Windows\CurrentVersion\Explorer\RemoveAccess,SUCCESS,,,,,,,
01:48.1,svchost.exe,2732,RegCloseKey,HKLM\SOFTWARE\Microsoft\Windows\CurrentVersion\Explorer\RemoveAccess,SUCCESS,,,,,,,
01:49.1,rundll32.exe,2732,CreateFile,C:\Windows\Fonts\tahomabd.ttf,SUCCESS,"Desired Access: Generic Read/Execute, Disposition: Open, Options: Synchronous IO Alert, Attributes: N, ShareMode: Read, AllocationSize: n/a, OpenResult: Opened",,,,,,
01:49.1,rundll32.exe,2732,CreateFile,C:\Windows\Fonts\tahomabd.ttf,SUCCESS,"Desired Access: Generic Read/Execute, Disposition: Open, Options: Synchronous IO Alert, Attributes: N, ShareMode: Read, AllocationSize: n/a, OpenResult: Opened",,,,,,
01:49.1,rundll32.exe,2732,CreateFile,C:\Windows\Fonts\tahomabd.ttf,SUCCESS,"Desired Access: Generic Read/Execute, Disposition: Open, Options: Synchronous IO Alert, Attributes: N, ShareMode: Read, AllocationSize: n/a, OpenResult: Opened",,,,,,
01:49.1,rundll32.exe,2732,CreateFile,C:\Windows\Fonts\tahomabd.ttf,SUCCESS,"Desired Access: Generic Read/Execute, Disposition: Open, Options: Synchronous IO Alert, Attributes: N, ShareMode: Read, AllocationSize: n/a, OpenResult: Opened",,,,,,
01:49.1,rundll32.exe,2732,CreateFile,C:\Windows\Fonts\tahomabd.ttf,SUCCESS,"Desired Access: Generic Read/Execute, Disposition: Open, Options: Synchronous IO Alert, Attributes: N, ShareMode: Read, AllocationSize: n/a, OpenResult: Opened",,,,,,
01:49.1,rundll32.exe,2732,CreateFile,C:\Windows\Fonts\tahomabd.ttf,SUCCESS,"Desired Access: Generic Read/Execute, Disposition: Open, Options: Synchronous IO Alert, Attributes: N, ShareMode: Read, AllocationSize: n/a, OpenResult: Opened",,,,,,
01:49.1,rundll32.exe,2732,CreateFile,C:\Windows\Fonts\tahomabd.ttf,SUCCESS,"Desired Access: Generic Read/Execute, Disposition: Open, Options: Synchronous IO Alert, Attributes: N, ShareMode: Read, AllocationSize: n/a, OpenResult: Opened",,,,,,
01:49.1,rundll32.exe,2732,CreateFile,C:\Windows\Fonts\tahomabd.ttf,SUCCESS,"Desired Access: Generic Read/Execute, Disposition: Open, Options: Synchronous IO Alert, Attributes: N, ShareMode: Read, AllocationSize: n/a, OpenResult: Opened",,,,,,
01:49.9,rundll32.exe,2732,QueryStandardInformationFile,C:\Windows\Fonts\tahomabd.ttf,SUCCESS,"AllocationSize: 651,264, EndOfFile: 647,184, NumberOfLinks: 2, DeletePending: False, Directory: False",,,,,,
01:50.1,rundll32.exe,2732,QueryBasicInformationFile,C:\Windows\Fonts\tahomabd.ttf,SUCCESS,"CreationTime: 7/13/2009 01:31:09 PM, LastAccessTime: 7/13/2009 01:31:09 PM, LastWriteTime: 6/11/2009 11:26:35 AM, ChangeTime: 8/16/2018 1:09:37 AM, FileAttributes: A",,,,,,
01:51.2,rundll32.exe,2732,QueryAttributeInformationVolume,C:\Windows\Fonts\tahomabd.ttf,SUCCESS,"FileSystemAttributes: Case Preserved, Case Sensitive, Unicode, ACLs, Compression, Named Streams, EFS, Object IDs, Reparse Points, Sparse Files, Quotas, Transactions, 0x3c00000, MaximumComponentNameLength: 255, FileSystemName: NTFS",,,,,,
01:51.2,rundll32.exe,2732,QueryAttributeInformationVolume,C:\Windows\Fonts\tahomabd.ttf,SUCCESS,"FileSystemAttributes: Case Preserved, Case Sensitive, Unicode, ACLs, Compression, Named Streams, EFS, Object IDs, Reparse Points, Sparse Files, Quotas, Transactions, 0x3c00000, MaximumComponentNameLength: 255, FileSystemName: NTFS",,,,,,
01:51.2,rundll32.exe,2732,QueryAttributeInformationVolume,C:\Windows\Fonts\tahomabd.ttf,SUCCESS,"FileSystemAttributes: Case Preserved, Case Sensitive, Unicode, ACLs, Compression, Named Streams, EFS, Object IDs, Reparse Points, Sparse Files, Quotas, Transactions, 0x3c00000, MaximumComponentNameLength: 255, FileSystemName: NTFS",,,,,,
01:51.2,rundll32.exe,2732,QueryAttributeInformationVolume,C:\Windows\Fonts\tahomabd.ttf,SUCCESS,"FileSystemAttributes: Case Preserved, Case Sensitive, Unicode, ACLs, Compression, Named Streams, EFS, Object IDs, Reparse Points, Sparse Files, Quotas, Transactions, 0x3c00000, MaximumComponentNameLength: 255, FileSystemName: NTFS",,,,,,
01:51.2,rundll32.exe,2732,QueryAttributeInformationVolume,C:\Windows\Fonts\tahomabd.ttf,SUCCESS,"FileSystemAttributes: Case Preserved, Case Sensitive, Unicode, ACLs, Compression, Named Streams, EFS, Object IDs, Reparse Points, Sparse Files, Quotas, Transactions, 0x3c00000, MaximumComponentNameLength: 255, FileSystemName: NTFS",,,,,,
01:51.2,rundll32.exe,2732,QueryAttributeInformationVolume,C:\Windows\Fonts\tahomabd.ttf,SUCCESS,"FileSystemAttributes: Case Preserved, Case Sensitive, Unicode, ACLs, Compression, Named Streams, EFS, Object IDs, Reparse Points, Sparse Files, Quotas, Transactions, 0x3c00000, MaximumComponentNameLength: 255, FileSystemName: NTFS",,,,,,
01:51.2,rundll32.exe,2732,QueryAttributeInformationVolume,C:\Windows\Fonts\tahomabd.ttf,SUCCESS,"FileSystemAttributes: Case Preserved, Case Sensitive, Unicode, ACLs, Compression, Named Streams, EFS, Object IDs, Reparse Points, Sparse Files, Quotas, Transactions, 0x3c00000, MaximumComponentNameLength: 255, FileSystemName: NTFS",,,,,,
01:51.2,rundll32.exe,2732,QueryAttributeInformationVolume,C:\Windows\Fonts\tahomabd.ttf,SUCCESS,"FileSystemAttributes: Case Preserved, Case Sensitive, Unicode, ACLs, Compression, Named Streams, EFS, Object IDs, Reparse Points, Sparse Files, Quotas, Transactions, 0x3c00000, MaximumComponentNameLength: 255, FileSystemName: NTFSf",,,,,,
01:51.4,rundll32.exe,2732,CreateFileMapping,C:\Windows\Fonts\tahomabd.ttf,FILE,LOCKED,WITH,ONLY,READERS,"SyncType: SyncTypeCreateSection, PageProtection: PAGE_EXECUTE_READ",,
01:51.5,rundll32.exe,2732,QueryStandardInformationFile,C:\Windows\Fonts\tahomabd.ttf,SUCCESS,"AllocationSize: 651,264, EndOfFile: 647,184, NumberOfLinks: 2, DeletePending: False, Directory: False",,,,,,
01:51.7,rundll32.exe,2732,CreateFileMapping,C:\Windows\Fonts\tahomabd.ttf,SUCCESS,SyncType:,SyncTypeOther,,,,,
01:51.9,rundll32.exe,2732,CloseFile,C:\Windows\Fonts\tahomabd.ttf,SUCCESS,,,,,,,
01:52.7,rundll32.exe,2732,CreateFile,C:\Windows\Fonts\tahomabd.ttf,SUCCESS,"Desired Access: Generic Read/Execute, Disposition: Open, Options: Synchronous IO Alert, Attributes: N, ShareMode: Read, AllocationSize: n/a, OpenResult: Opened",,,,,,
01:51.9,rundll32.exe,2732,CloseFile,C:\Windows\Fonts\tahomabd.ttf,SUCCESS,,,,,,,
01:52.7,rundll32.exe,2732,CreateFile,C:\Windows\Fonts\tahomabd.ttf,SUCCESS,"Desired Access: Generic Read/Execute, Disposition: Open, Options: Synchronous IO Alert, Attributes: N, ShareMode: Read, AllocationSize: n/a, OpenResult: Opened",,,,,,
01:51.9,rundll32.exe,2732,CloseFile,C:\Windows\Fonts\tahomabd.ttf,SUCCESS,,,,,,,
01:52.7,rundll32.exe,2732,CreateFile,C:\Windows\Fonts\tahomabd.ttf,SUCCESS,"Desired Access: Generic Read/Execute, Disposition: Open, Options: Synchronous IO Alert, Attributes: N, ShareMode: Read, AllocationSize: n/a, OpenResult: Opened",,,,,,
01:51.9,rundll32.exe,2732,CloseFile,C:\Windows\Fonts\tahomabd.ttf,SUCCESS,,,,,,,
01:52.7,rundll32.exe,2732,CreateFile,C:\Windows\Fonts\tahomabd.ttf,SUCCESS,"Desired Access: Generic Read/Execute, Disposition: Open, Options: Synchronous IO Alert, Attributes: N, ShareMode: Read, AllocationSize: n/a, OpenResult: Opened",,,,,,
01:51.9,rundll32.exe,2732,CloseFile,C:\Windows\Fonts\tahomabd.ttf,SUCCESS,,,,,,,
01:52.7,rundll32.exe,2732,CreateFile,C:\Windows\Fonts\tahomabd.ttf,SUCCESS,"Desired Access: Generic Read/Execute, Disposition: Open, Options: Synchronous IO Alert, Attributes: N, ShareMode: Read, AllocationSize: n/a, OpenResult: Opened",,,,,,
01:51.9,rundll32.exe,2732,CloseFile,C:\Windows\Fonts\tahomabd.ttf,SUCCESS,,,,,,,
01:52.7,rundll32.exe,2732,CreateFile,C:\Windows\Fonts\tahomabd.ttf,SUCCESS,"Desired Access: Generic Read/Execute, Disposition: Open, Options: Synchronous IO Alert, Attributes: N, ShareMode: Read, AllocationSize: n/a, OpenResult: Opened",,,,,,
01:51.9,rundll32.exe,2732,CloseFile,C:\Windows\Fonts\tahomabd.ttf,SUCCESS,,,,,,,
01:52.7,rundll32.exe,2732,CreateFile,C:\Windows\Fonts\tahomabd.ttf,SUCCESS,"Desired Access: Generic Read/Execute, Disposition: Open, Options: Synchronous IO Alert, Attributes: N, ShareMode: Read, AllocationSize: n/a, OpenResult: Opened",,,,,,
01:51.9,rundll32.exe,2732,CloseFile,C:\Windows\Fonts\tahomabd.ttf,SUCCESS,,,,,,,
01:52.7,rundll32.exe,2732,CreateFile,C:\Windows\Fonts\tahomabd.ttf,SUCCESS,"Desired Access: Generic Read/Execute, Disposition: Open, Options: Synchronous IO Alert, Attributes: N, ShareMode: Read, AllocationSize: n/a, OpenResult: Opened",,,,,,
01:51.9,rundll32.exe,2732,CloseFile,C:\Windows\Fonts\tahomabd.ttf,SUCCESS,,,,,,,
01:52.7,rundll32.exe,2732,CreateFile,C:\Windows\Fonts\tahomabd.ttf,SUCCESS,"Desired Access: Generic Read/Execute, Disposition: Open, Options: Synchronous IO Alert, Attributes: N, ShareMode: Read, AllocationSize: n/a, OpenResult: Opened",,,,,,
01:51.9,rundll32.exe,2732,CloseFile,C:\Windows\Fonts\tahomabd.ttf,SUCCESS,,,,,,,
01:52.7,rundll32.exe,2732,CreateFile,C:\Windows\Fonts\tahomabd.ttf,SUCCESS,"Desired Access: Generic Read/Execute, Disposition: Open, Options: Synchronous IO Alert, Attributes: N, ShareMode: Read, AllocationSize: n/a, OpenResult: Opened",,,,,,
01:52.7,rundll32.exe,2732,CreateFile,C:\Windows\Fonts\tahomabd.ttf,SUCCESS,"Desired Access: Generic Read/Execute, Disposition: Open, Options: Synchronous IO Alert, Attributes: N, ShareMode: Read, AllocationSize: n/a, OpenResult: Opened",,,,,,
01:52.7,rundll32.exe,2732,CreateFile,C:\Windows\Fonts\tahomabd.ttf,SUCCESS,"Desired Access: Generic Read/Execute, Disposition: Open, Options: Synchronous IO Alert, Attributes: N, ShareMode: Read, AllocationSize: n/a, OpenResult: Opened",,,,,,
01:51.9,rundll32.exe,2732,CloseFile,C:\Windows\Fonts\tahomabd.ttf,SUCCESS,,,,,,,
01:51.9,rundll32.exe,2732,CloseFile,C:\Windows\Fonts\tahomabd.ttf,SUCCESS,,,,,,,
01:52.3,rundll32.exe,2732,QueryStandardInformationFile,C:\Windows\Fonts\tahomabd.ttf,SUCCESS,"AllocationSize: 651,264, EndOfFile: 647,184, NumberOfLinks: 2, DeletePending: False, Directory: False",,,,,,
01:52.3,rundll32.exe,2732,QueryStandardInformationFile,C:\Windows\Fonts\tahomabd.ttf,SUCCESS,"AllocationSize: 651,264, EndOfFile: 647,184, NumberOfLinks: 2, DeletePending: False, Directory: False",,,,,,
01:52.3,rundll32.exe,2732,QueryStandardInformationFile,C:\Windows\Fonts\tahomabd.ttf,SUCCESS,"AllocationSize: 651,264, EndOfFile: 647,184, NumberOfLinks: 2, DeletePending: False, Directory: False",,,,,,
01:52.3,rundll32.exe,2732,QueryStandardInformationFile,C:\Windows\Fonts\tahomabd.ttf,SUCCESS,"AllocationSize: 651,264, EndOfFile: 647,184, NumberOfLinks: 2, DeletePending: False, Directory: False",,,,,,
01:52.8,rundll32.exe,2732,QueryBasicInformationFile,C:\Windows\Fonts\tahomabd.ttf,SUCCESS,"CreationTime: 7/13/2009 01:31:09 PM, LastAccessTime: 7/13/2009 01:31:09 PM, LastWriteTime: 6/11/2009 11:26:35 AM, ChangeTime: 8/16/2018 1:09:37 AM, FileAttributes: A",,,,,,
01:52.8,rundll32.exe,2732,QueryBasicInformationFile,C:\Windows\Fonts\tahomabd.ttf,SUCCESS,"CreationTime: 7/13/2009 01:31:09 PM, LastAccessTime: 7/13/2009 01:31:09 PM, LastWriteTime: 6/11/2009 11:26:35 AM, ChangeTime: 8/16/2018 1:09:37 AM, FileAttributes: A",,,,,,
01:51.9,rundll32.exe,2732,CloseFile,C:\Windows\Fonts\tahomabd.ttf,SUCCESS,,,,,,,
01:52.8,rundll32.exe,2732,QueryBasicInformationFile,C:\Windows\Fonts\tahomabd.ttf,SUCCESS,"CreationTime: 7/13/2009 01:31:09 PM, LastAccessTime: 7/13/2009 01:31:09 PM, LastWriteTime: 6/11/2009 11:26:35 AM, ChangeTime: 8/16/2018 1:09:37 AM, FileAttributes: A",,,,,,
01:51.9,rundll32.exe,2732,CloseFile,C:\Windows\Fonts\tahomabd.ttf,SUCCESS,,,,,,,
01:52.8,rundll32.exe,2732,QueryBasicInformationFile,C:\Windows\Fonts\tahomabd.ttf,SUCCESS,"CreationTime: 7/13/2009 01:31:09 PM, LastAccessTime: 7/13/2009 01:31:09 PM, LastWriteTime: 6/11/2009 11:26:35 AM, ChangeTime: 8/16/2018 1:09:37 AM, FileAttributes: A",,,,,,
01:51.9,rundll32.exe,2732,CloseFile,C:\Windows\Fonts\tahomabd.ttf,SUCCESS,,,,,,,
01:52.8,rundll32.exe,2732,QueryBasicInformationFile,C:\Windows\Fonts\tahomabd.ttf,SUCCESS,"CreationTime: 7/13/2009 01:31:09 PM, LastAccessTime: 7/13/2009 01:31:09 PM, LastWriteTime: 6/11/2009 11:26:35 AM, ChangeTime: 8/16/2018 1:09:37 AM, FileAttributes: A",,,,,,
01:51.9,rundll32.exe,2732,CloseFile,C:\Windows\Fonts\tahomabd.ttf,SUCCESS,,,,,,,
01:52.8,rundll32.exe,2732,QueryBasicInformationFile,C:\Windows\Fonts\tahomabd.ttf,SUCCESS,"CreationTime: 7/13/2009 01:31:09 PM, LastAccessTime: 7/13/2009 01:31:09 PM, LastWriteTime: 6/11/2009 11:26:35 AM, ChangeTime: 8/16/2018 1:09:37 AM, FileAttributes: A",,,,,,
01:51.9,rundll32.exe,2732,CloseFile,C:\Windows\Fonts\tahomabd.ttf,SUCCESS,,,,,,,
01:52.8,rundll32.exe,2732,QueryBasicInformationFile,C:\Windows\Fonts\tahomabd.ttf,SUCCESS,"CreationTime: 7/13/2009 01:31:09 PM, LastAccessTime: 7/13/2009 01:31:09 PM, LastWriteTime: 6/11/2009 11:26:35 AM, ChangeTime: 8/16/2018 1:09:37 AM, FileAttributes: A",,,,,,
01:52.8,rundll32.exe,2732,QueryBasicInformationFile,C:\Windows\Fonts\tahomabd.ttf,SUCCESS,"CreationTime: 7/13/2009 01:31:09 PM, LastAccessTime: 7/13/2009 01:31:09 PM, LastWriteTime: 6/11/2009 11:26:35 AM, ChangeTime: 8/16/2018 1:09:37 AM, FileAttributes: A",,,,,,
01:51.9,rundll32.exe,2732,CloseFile,C:\Windows\Fonts\tahomabd.ttf,SUCCESS,,,,,,,
01:52.8,rundll32.exe,2732,QueryBasicInformationFile,C:\Windows\Fonts\tahomabd.ttf,SUCCESS,"CreationTime: 7/13/2009 01:31:09 PM, LastAccessTime: 7/13/2009 01:31:09 PM, LastWriteTime: 6/11/2009 11:26:35 AM, ChangeTime: 8/16/2018 1:09:37 AM, FileAttributes: A",,,,,,
01:52.8,rundll32.exe,2732,QueryBasicInformationFile,C:\Windows\Fonts\tahomabd.ttf,SUCCESS,"CreationTime: 7/13/2009 01:31:09 PM, LastAccessTime: 7/13/2009 01:31:09 PM, LastWriteTime: 6/11/2009 11:26:35 AM, ChangeTime: 8/16/2018 1:09:37 AM, FileAttributes: A",,,,,,
01:52.8,rundll32.exe,2732,QueryBasicInformationFile,C:\Windows\Fonts\tahomabd.ttf,SUCCESS,"CreationTime: 7/13/2009 01:31:09 PM, LastAccessTime: 7/13/2009 01:31:09 PM, LastWriteTime: 6/11/2009 11:26:35 AM, ChangeTime: 8/16/2018 1:09:37 AM, FileAttributes: A",,,,,,
01:52.8,rundll32.exe,2732,QueryBasicInformationFile,C:\Windows\Fonts\tahomabd.ttf,SUCCESS,"CreationTime: 7/13/2009 01:31:09 PM, LastAccessTime: 7/13/2009 01:31:09 PM, LastWriteTime: 6/11/2009 11:26:35 AM, ChangeTime: 8/16/2018 1:09:37 AM, FileAttributes: A",,,,,,
01:52.8,rundll32.exe,2732,QueryBasicInformationFile,C:\Windows\Fonts\tahomabd.ttf,SUCCESS,"CreationTime: 7/13/2009 01:31:09 PM, LastAccessTime: 7/13/2009 01:31:09 PM, LastWriteTime: 6/11/2009 11:26:35 AM, ChangeTime: 8/16/2018 1:09:37 AM, FileAttributes: A",,,,,,
01:51.9,rundll32.exe,2732,CloseFile,C:\Windows\Fonts\tahomabd.ttf,SUCCESS,,,,,,,
01:53.5,rundll32.exe,2732,QueryAttributeInformationVolume,C:\Windows\Fonts\tahomabd.ttf,SUCCESS,"FileSystemAttributes: Case Preserved, Case Sensitive, Unicode, ACLs, Compression, Named Streams, EFS, Object IDs, Reparse Points, Sparse Files, Quotas, Transactions, 0x3c00000, MaximumComponentNameLength: 255, FileSystemName: NTFS",,,,,,
01:53.5,rundll32.exe,2732,QueryAttributeInformationVolume,C:\Windows\Fonts\tahomabd.ttf,SUCCESS,"FileSystemAttributes: Case Preserved, Case Sensitive, Unicode, ACLs, Compression, Named Streams, EFS, Object IDs, Reparse Points, Sparse Files, Quotas, Transactions, 0x3c00000, MaximumComponentNameLength: 255, FileSystemName: NTFS",,,,,,
01:53.5,rundll32.exe,2732,QueryAttributeInformationVolume,C:\Windows\Fonts\tahomabd.ttf,SUCCESS,"FileSystemAttributes: Case Preserved, Case Sensitive, Unicode, ACLs, Compression, Named Streams, EFS, Object IDs, Reparse Points, Sparse Files, Quotas, Transactions, 0x3c00000, MaximumComponentNameLength: 255, FileSystemName: NTFS",,,,,,
01:53.5,rundll32.exe,2732,QueryAttributeInformationVolume,C:\Windows\Fonts\tahomabd.ttf,SUCCESS,"FileSystemAttributes: Case Preserved, Case Sensitive, Unicode, ACLs, Compression, Named Streams, EFS, Object IDs, Reparse Points, Sparse Files, Quotas, Transactions, 0x3c00000, MaximumComponentNameLength: 255, FileSystemName: NTFS",,,,,,
01:53.5,rundll32.exe,2732,QueryAttributeInformationVolume,C:\Windows\Fonts\tahomabd.ttf,SUCCESS,"FileSystemAttributes: Case Preserved, Case Sensitive, Unicode, ACLs, Compression, Named Streams, EFS, Object IDs, Reparse Points, Sparse Files, Quotas, Transactions, 0x3c00000, MaximumComponentNameLength: 255, FileSystemName: NTFS",,,,,,
01:53.9,rundll32.exe,2732,CreateFileMapping,C:\Windows\Fonts\tahomabd.ttf,FILE,LOCKED,WITH,ONLY,READERS,"SyncType: SyncTypeCreateSection, PageProtection: PAGE_EXECUTE_READ",,
01:53.9,rundll32.exe,2732,CreateFileMapping,C:\Windows\Fonts\tahomabd.ttf,FILE,LOCKED,WITH,ONLY,READERS,"SyncType: SyncTypeCreateSection, PageProtection: PAGE_EXECUTE_READ",,
01:54.2,rundll32.exe,2732,QueryStandardInformationFile,C:\Windows\Fonts\tahomabd.ttf,SUCCESS,"AllocationSize: 651,264, EndOfFile: 647,184, NumberOfLinks: 2, DeletePending: False, Directory: False",,,,,,
01:54.3,rundll32.exe,2732,QueryStandardInformationFile,C:\Windows\Fonts\tahomabd.ttf,SUCCESS,"AllocationSize: 651,264, EndOfFile: 647,184, NumberOfLinks: 2, DeletePending: False, Directory: False",,,,,,
01:54.3,rundll32.exe,2732,QueryStandardInformationFile,C:\Windows\Fonts\tahomabd.ttf,SUCCESS,"AllocationSize: 651,264, EndOfFile: 647,184, NumberOfLinks: 2, DeletePending: False, Directory: False",,,,,,
01:54.2,rundll32.exe,2732,QueryStandardInformationFile,C:\Windows\Fonts\tahomabd.ttf,SUCCESS,"AllocationSize: 651,264, EndOfFile: 647,184, NumberOfLinks: 2, DeletePending: False, Directory: False",,,,,,
01:54.3,rundll32.exe,2732,QueryStandardInformationFile,C:\Windows\Fonts\tahomabd.ttf,SUCCESS,"AllocationSize: 651,264, EndOfFile: 647,184, NumberOfLinks: 2, DeletePending: False, Directory: False",,,,,,
01:54.3,rundll32.exe,2732,QueryStandardInformationFile,C:\Windows\Fonts\tahomabd.ttf,SUCCESS,"AllocationSize: 651,264, EndOfFile: 647,184, NumberOfLinks: 2, DeletePending: False, Directory: False",,,,,,
01:54.3,rundll32.exe,2732,QueryStandardInformationFile,C:\Windows\Fonts\tahomabd.ttf,SUCCESS,"AllocationSize: 651,264, EndOfFile: 647,184, NumberOfLinks: 2, DeletePending: False, Directory: False",,,,,,
01:54.2,rundll32.exe,2732,QueryStandardInformationFile,C:\Windows\Fonts\tahomabd.ttf,SUCCESS,"AllocationSize: 651,264, EndOfFile: 647,184, NumberOfLinks: 2, DeletePending: False, Directory: False",,,,,,
01:54.3,rundll32.exe,2732,QueryStandardInformationFile,C:\Windows\Fonts\tahomabd.ttf,SUCCESS,"AllocationSize: 651,264, EndOfFile: 647,184, NumberOfLinks: 2, DeletePending: False, Directory: False",,,,,,
01:54.3,rundll32.exe,2732,QueryStandardInformationFile,C:\Windows\Fonts\tahomabd.ttf,SUCCESS,"AllocationSize: 651,264, EndOfFile: 647,184, NumberOfLinks: 2, DeletePending: False, Directory: False",,,,,,
01:55.1,rundll32.exe,2732,CreateFileMapping,C:\Windows\Fonts\tahomabd.ttf,SUCCESS,SyncType:,SyncTypeOther,,,,,
01:55.1,rundll32.exe,2732,CreateFileMapping,C:\Windows\Fonts\tahomabd.ttf,SUCCESS,SyncType:,SyncTypeOther,,,,,
01:55.1,rundll32.exe,2732,CreateFileMapping,C:\Windows\Fonts\tahomabd.ttf,SUCCESS,SyncType:,SyncTypeOther,,,,,
01:55.1,rundll32.exe,2732,CreateFileMapping,C:\Windows\Fonts\tahomabd.ttf,SUCCESS,SyncType:,SyncTypeOther,,,,,
01:55.7,rundll32.exe,2732,CloseFile,C:\Windows\Fonts\tahomabd.ttf,SUCCESS,,,,,,,
01:55.7,rundll32.exe,2732,CloseFile,C:\Windows\Fonts\tahomabd.ttf,SUCCESS,,,,,,,
01:55.7,rundll32.exe,2732,CloseFile,C:\Windows\Fonts\tahomabd.ttf,SUCCESS,,,,,,,
01:56.3,rundll32.exe,2732,ReadFile,C:\Windows\Fonts\StaticCache.dat,SUCCESS,"Offset: 9,109,504, Length: 32,768, I/O Flags: Non-cached, Paging I/O, Synchronous Paging I/O, Priority: Normal",,,,,,
01:56.3,rundll32.exe,2732,ReadFile,C:\Windows\Fonts\StaticCache.dat,SUCCESS,"Offset: 9,109,504, Length: 32,768, I/O g I/O, Synchronous Paging I/O, Priority: Normal",,,,,,
01:56.7,Explorer.EXE,1596,RegOpenKey,HKLM\Software\Microsoft\Windows,NT\CurrentVersion\FontSubstitutes,SUCCESS,Desired,Access:,Read,,,
01:56.7,Explorer.EXE,1596,RegOpenKey,HKLM\Software\Microsoft\Windows,NT\CurrentVersion\FontSubstitutes,SUCCESS,Desired,Access:,Read,,,
01:56.7,Explorer.EXE,1596,RegOpenKey,HKLM\Software\Microsoft\Windows,NT\CurrentVersion\FontSubstitutes,SUCCESS,Desired,Access:,Read,,,
01:56.7,svchost.exe,1596,RegOpenKey,HKLM\Software\Microsoft\Windows,NT\CurrentVersion\FontSubstitutes,SUCCESS,Desired,Access:,Read,,,
01:56.7,svchost.exe,1596,RegOpenKey,HKLM\Software\Microsoft\Windows,NT\CurrentVersion\FontSubstitutes,SUCCESS,Desired,Access:,Read,,,
01:56.7,svchost.exe,1596,RegOpenKey,HKLM\Software\Microsoft\Windows,NT\CurrentVersion\FontSubstitutes,SUCCESS,Desired,Access:,Read,,,
01:56.7,svchost.exe,1596,RegOpenKey,HKLM\Software\Microsoft\Windows,NT\CurrentVersion\FontSubstitutes,SUCCESS,Desired,Access:,Read,,,
01:56.7,svchost.exe,1596,RegOpenKey,HKLM\Software\Microsoft\Windows,NT\CurrentVersion\FontSubstitutes,SUCCESS,Desired,Access:,Read,,,
01:56.7,svchost.exe,1596,RegOpenKey,HKLM\Software\Microsoft\Windows,NT\CurrentVersion\FontSubstitutes,SUCCESS,Desired,Access:,Read,,,
01:56.7,svchost.exe,1596,RegOpenKey,HKLM\Software\Microsoft\Windows,NT\CurrentVersion\FontSubstitutes,SUCCESS,Desired,Access:,Read,,,
01:56.7,svchost.exe,1596,RegOpenKey,HKLM\Software\Microsoft\Windows,NT\CurrentVersion\FontSubstitutes,SUCCESS,Desired,Access:,Read,,,
01:56.7,svchost.exe,1596,RegOpenKey,HKLM\Software\Microsoft\Windows,NT\CurrentVersion\FontSubstitutes,SUCCESS,Desired,Access:,Read,,,
01:56.7,svchost.exe,1596,RegOpenKey,HKLM\Software\Microsoft\Windows,NT\CurrentVersion\FontSubstitutes,SUCCESS,Desired,Access:,Read,,,
01:56.7,svchost.exe,1596,RegOpenKey,HKLM\Software\Microsoft\Windows,NT\CurrentVersion\FontSubstitutes,SUCCESS,Desired,Access:,Read,,,
01:56.7,svchost.exe,1596,RegOpenKey,HKLM\Software\Microsoft\Windows,NT\CurrentVersion\FontSubstitutes,SUCCESS,Desired,Access:,Read,,,
01:56.7,svchost.exe,1596,RegOpenKey,HKLM\Software\Microsoft\Windows,NT\CurrentVersion\FontSubstitutes,SUCCESS,Desired,Access:,Read,,,
01:56.7,svchost.exe,1596,RegOpenKey,HKLM\Software\Microsoft\Windows,NT\CurrentVersion\FontSubstitutes,SUCCESS,Desired,Access:,Read,,,
01:56.7,svchost.exe,1596,RegOpenKey,HKLM\Software\Microsoft\Windows,NT\CurrentVersion\FontSubstitutes,SUCCESS,Desired,Access:,Read,,,
01:56.7,svchost.exe,2365,QuerySecurityFile,HKLM\Software\Microsoft\Windows,NT\CurrentVersion\FontSubstitutes,SUCCESS,Desired,Access:,Read,,,
01:56.7,svchost.exe,2365,QuerySecurityFile,HKLM\Software\Microsoft\Windows,NT\CurrentVersion\FontSubstitutes,SUCCESS,Desired,Access:,Read,,,
01:56.7,svchost.exe,2365,QuerySecurityFile,HKLM\Software\Microsoft\Windows,NT\CurrentVersion\FontSubstitutes,SUCCESS,Desired,Access:,Read,,,
01:56.7,svchost.exe,2365,QuerySecurityFile,HKLM\Software\Microsoft\Windows,NT\CurrentVersion\FontSubstitutes,SUCCESS,Desired,Access:,Read,,,
01:56.7,svchost.exe,2365,QuerySecurityFile,HKLM\Software\Microsoft\Windows,NT\CurrentVersion\FontSubstitutes,SUCCESS,Desired,Access:,Read,,,
01:56.7,svchost.exe,2365,QuerySecurityFile,HKLM\Software\Microsoft\Windows,NT\CurrentVersion\FontSubstitutes,SUCCESS,Desired,Access:,Read,,,
01:56.7,svchost.exe,2365,QuerySecurityFile,HKLM\Software\Microsoft\Windows,NT\CurrentVersion\FontSubstitutes,SUCCESS,Desired,Access:,Read,,,
01:56.7,svchost.exe,2365,QuerySecurityFile,HKLM\Software\Microsoft\Windows,NT\CurrentVersion\FontSubstitutes,SUCCESS,Desired,Access:,Read,,,
01:56.7,svchost.exe,2365,QuerySecurityFile,HKLM\Software\Microsoft\Windows,NT\CurrentVersion\FontSubstitutes,SUCCESS,Desired,Access:,Read,,,
01:56.7,svchost.exe,2365,QuerySecurityFile,HKLM\Software\Microsoft\Windows,NT\CurrentVersion\FontSubstitutes,SUCCESS,Desired,Access:,Read,,,
01:56.7,svchost.exe,2365,QuerySecurityFile,HKLM\Software\Microsoft\Windows,NT\CurrentVersion\FontSubstitutes,SUCCESS,Desired,Access:,Read,,,
01:56.7,svchost.exe,2365,QuerySecurityFile,HKLM\Software\Microsoft\Windows,NT\CurrentVersion\FontSubstitutes,SUCCESS,Desired,Access:,Read,,,
01:56.7,svchost.exe,2365,QuerySecurityFile,HKLM\Software\Microsoft\Windows,NT\CurrentVersion\FontSubstitutes,SUCCESS,Desired,Access:,Read,,,
01:56.7,svchost.exe,2365,QuerySecurityFile,HKLM\Software\Microsoft\Windows,NT\CurrentVersion\FontSubstitutes,SUCCESS,Desired,Access:,Read,,,
01:56.7,svchost.exe,2365,QuerySecurityFile,HKLM\Software\Microsoft\Windows,NT\CurrentVersion\FontSubstitutes,SUCCESS,Desired,Access:,Read,,,
01:58.2,Explorer.EXE,1596,RegCloseKey,HKLM\SOFTWARE\Microsoft\Windows,NT\CurrentVersion\FontSubstitutes,SUCCESS,,,,,,
01:58.2,Explorer.EXE,1596,RegCloseKey,HKLM\SOFTWARE\Microsoft\Windows,NT\CurrentVersion\FontSubstitutes,SUCCESS,,,,,,
01:58.2,Explorer.EXE,1596,RegCloseKey,HKLM\SOFTWARE\Microsoft\Windows,NT\CurrentVersion\FontSubstitutes,SUCCESS,,,,,,
01:58.2,Explorer.EXE,1596,RegCloseKey,HKLM\SOFTWARE\Microsoft\Windows,NT\CurrentVersion\FontSubstitutes,SUCCESS,,,,,,
01:58.2,Explorer.EXE,1596,RegCloseKey,HKLM\SOFTWARE\Microsoft\Windows,NT\CurrentVersion\FontSubstitutes,SUCCESS,,,,,,
01:58.2,Explorer.EXE,1596,RegCloseKey,HKLM\SOFTWARE\Microsoft\Windows,NT\CurrentVersion\FontSubstitutes,SUCCESS,,,,,,
01:58.2,Explorer.EXE,1596,RegCloseKey,HKLM\SOFTWARE\Microsoft\Windows,NT\CurrentVersion\FontSubstitutes,SUCCESS,,,,,,
01:58.5,rundll32.exe,2732,ReadFile,C:\Windows\Fonts\StaticCache.dat,SUCCESS,"Offset: 9,142,272, Length: 32,768, I/O Flags: Non-cached, Paging I/O, Synchronous Paging I/O, Priority: Normal",,,,,,
01:58.7,Explorer.EXE,1596,RegOpenKey,HKLM\Software\Microsoft\Windows,NT\CurrentVersion\FontSubstitutes,SUCCESS,Desired,Access:,Read,,,
01:58.7,Explorer.EXE,1596,RegOpenKey,HKLM\Software\Microsoft\Windows,NT\CurrentVersion\FontSubstitutes,SUCCESS,Desired,Access:,Read,,,
01:58.7,Explorer.EXE,1596,RegOpenKey,HKLM\Software\Microsoft\Windows,NT\CurrentVersion\FontSubstitutes,SUCCESS,Desired,Access:,Read,,,
01:58.7,Explorer.EXE,1596,RegOpenKey,HKLM\Software\Microsoft\Windows,NT\CurrentVersion\FontSubstitutes,SUCCESS,Desired,Access:,Read,,,
01:58.7,Explorer.EXE,1596,RegOpenKey,HKLM\Software\Microsoft\Windows,NT\CurrentVersion\FontSubstitutes,SUCCESS,Desired,Access:,Read,,,
01:59.3,Explorer.EXE,1596,RegQueryValue,HKLM\SOFTWARE\Microsoft\Windows,NT\CurrentVersion\FontSubstitutes\Segoe,UI,NAME,NOT,FOUND,Length:,144,
01:59.3,Explorer.EXE,1596,RegQueryValue,HKLM\SOFTWARE\Microsoft\Windows,NT\CurrentVersion\FontSubstitutes\Segoe,UI,NAME,NOT,FOUND,Length:,144,
01:59.3,Explorer.EXE,1596,RegQueryValue,HKLM\SOFTWARE\Microsoft\Windows,NT\CurrentVersion\FontSubstitutes\Segoe,UI,NAME,NOT,FOUND,Length:,144,
01:59.3,Explorer.EXE,1596,RegQueryValue,HKLM\SOFTWARE\Microsoft\Windows,NT\CurrentVersion\FontSubstitutes\Segoe,UI,NAME,NOT,FOUND,Length:,144,
01:59.3,Explorer.EXE,1596,RegQueryValue,HKLM\SOFTWARE\Microsoft\Windows,NT\CurrentVersion\FontSubstitutes\Segoe,UI,NAME,NOT,FOUND,Length:,144,
01:59.3,Explorer.EXE,1596,RegQueryValue,HKLM\SOFTWARE\Microsoft\Windows,NT\CurrentVersion\FontSubstitutes\Segoe,UI,NAME,NOT,FOUND,Length:,144,
02:09:03,Explorer.EXE,1596,RegCloseKey,HKLM\SOFTWARE\Microsoft\Windows,NT\CurrentVersion\FontSubstitutes,SUCCESS,,,,,,
02:09:09,Explorer.EXE,1596,RegOpenKey,HKLM\Software\Microsoft\Windows,NT\CurrentVersion\FontSubstitutes,SUCCESS,Desired,Access:,Read,,,
02:01.2,Explorer.EXE,1596,RegQueryValue,HKLM\SOFTWARE\Microsoft\Windows,NT\CurrentVersion\FontSubstitutes\Segoe,UI,NAME,NOT,FOUND,Length:,144,
02:02.5,Explorer.EXE,1596,RegCloseKey,HKLM\SOFTWARE\Microsoft\Windows,NT\CurrentVersion\FontSubstitutes,SUCCESS,,,,,,
02:03.4,rundll32.exe,2732,ReadFile,C:\Windows\Fonts\StaticCache.dat,SUCCESS,"Offset: 6,942,720, Length: 32,768, I/O Flags: Non-cached, Paging I/O, Synchronous Paging I/O, Priority: Normal",,,,,,
02:04.1,Explorer.EXE,1596,RegOpenKey,HKLM\Software\Microsoft\Windows,NT\CurrentVersion\FontSubstitutes,SUCCESS,Desired,Access:,Read,,,
02:05.3,Explorer.EXE,1596,RegQueryValue,HKLM\SOFTWARE\Microsoft\Windows,NT\CurrentVersion\FontSubstitutes\Segoe,UI,NAME,NOT,FOUND,Length:,144,
02:05.7,Explorer.EXE,1596,RegCloseKey,HKLM\SOFTWARE\Microsoft\Windows,NT\CurrentVersion\FontSubstitutes,SUCCESS,,,,,,
02:06.1,Explorer.EXE,1596,RegOpenKey,HKLM\Software\Microsoft\Windows,NT\CurrentVersion\FontSubstitutes,SUCCESS,Desired,Access:,Read,,,
02:06.6,Explorer.EXE,1596,RegQueryValue,HKLM\SOFTWARE\Microsoft\Windows,NT\CurrentVersion\FontSubstitutes\Segoe,UI,NAME,NOT,FOUND,Length:,144,
02:07.3,Explorer.EXE,1596,RegCloseKey,HKLM\SOFTWARE\Microsoft\Windows,NT\CurrentVersion\FontSubstitutes,SUCCESS,,,,,,
02:07.8,rundll32.exe,2732,ReadFile,C:\Windows\Fonts\StaticCache.dat,SUCCESS,"Offset: 6,942,720, Length: 32,768, I/O Flags: Non-cached, Paging I/O, Synchronous Paging I/O, Priority: Normal",,,,,,
02:10.9,Explorer.EXE,1596,RegOpenKey,HKLM\Software\Microsoft\Windows,NT\CurrentVersion\FontSubstitutes,SUCCESS,Desired,Access:,Read,,,
02:13.8,Explorer.EXE,1596,RegQueryValue,HKLM\SOFTWARE\Microsoft\Windows,NT\CurrentVersion\FontSubstitutes\Segoe,UI,NAME,NOT,FOUND,Length:,144,
02:14.5,Explorer.EXE,1596,RegCloseKey,HKLM\SOFTWARE\Microsoft\Windows,NT\CurrentVersion\FontSubstitutes,SUCCESS,,,,,,
02:16.1,Explorer.EXE,1596,RegOpenKey,HKLM\Software\Microsoft\Windows,NT\CurrentVersion\FontSubstitutes,SUCCESS,Desired,Access:,Read,,,
02:18.1,Explorer.EXE,1596,RegQueryValue,HKLM\SOFTWARE\Microsoft\Windows,NT\CurrentVersion\FontSubstitutes\Segoe,UI,NAME,NOT,FOUND,Length:,144,
02:19.1,Explorer.EXE,1596,RegCloseKey,HKLM\SOFTWARE\Microsoft\Windows,NT\CurrentVersion\FontSubstitutes,SUCCESS,,,,,,
02:20.2,rundll32.exe,2732,ReadFile,C:\Windows\Fonts\StaticCache.dat,SUCCESS,"Offset: 6,942,720, Length: 32,768, I/O Flags: Non-cached, Paging I/O, Synchronous Paging I/O, Priority: Normal",,,,,,
02:22.3,Explorer.EXE,1596,RegOpenKey,HKLM\Software\Microsoft\Windows,NT\CurrentVersion\FontSubstitutes,SUCCESS,Desired,Access:,Read,,,
02:24.5,Explorer.EXE,1596,RegQueryValue,HKLM\SOFTWARE\Microsoft\Windows,NT\CurrentVersion\FontSubstitutes\Segoe,UI,NAME,NOT,FOUND,Length:,144,
02:25.1,Explorer.EXE,1596,RegCloseKey,HKLM\SOFTWARE\Microsoft\Windows,NT\CurrentVersion\FontSubstitutes,SUCCESS,,,,,,
02:26.7,Explorer.EXE,1596,RegOpenKey,HKLM\Software\Microsoft\Windows,NT\CurrentVersion\FontSubstitutes,SUCCESS,Desired,Access:,Read,,,
02:29.9,Explorer.EXE,1596,RegQueryValue,HKLM\SOFTWARE\Microsoft\Windows,NT\CurrentVersion\FontSubstitutes\Segoe,UI,NAME,NOT,FOUND,Length:,144,
02:27.2,Explorer.EXE,1596,RegCloseKey,HKLM\SOFTWARE\Microsoft\Windows,NT\CurrentVersion\FontSubstitutes,SUCCESS,,,,,,
02:29.9,rundll32.exe,2732,ReadFile,C:\Windows\Fonts\StaticCache.dat,SUCCESS,"Offset: 6,942,720, Length: 32,768, I/O Flags: Non-cached, Paging I/O, Synchronous Paging I/O, Priority: Normal",,,,,,
02:29.9,rundll32.exe,2732,ReadFile,C:\Windows\Fonts\StaticCache.dat,SUCCESS,"Offset: 6,942,720, Length: 32,768, I/O Flags: Non-cached, Paging I/O, Synchronous Paging I/O, Priority: Normal",,,,,,
02:29.9,rundll32.exe,2732,ReadFile,C:\Windows\Fonts\StaticCache.dat,SUCCESS,"Offset: 6,942,720, Length: 32,768, I/O Flags: Non-cached, Paging I/O, Synchronous Paging I/O, Priority: Normal",,,,,,
02:29.9,rundll32.exe,2732,ReadFile,C:\Windows\Fonts\StaticCache.dat,SUCCESS,"Offset: 6,942,720, Length: 32,768, I/O Flags: Non-cached, Paging I/O, Synchronous Paging I/O, Priority: Normal",,,,,,
02:29.9,rundll32.exe,2732,ReadFile,C:\Windows\Fonts\StaticCache.dat,SUCCESS,"Offset: 6,942,720, Length: 32,768, I/O Flags: Non-cached, Paging I/O, Synchronous Paging I/O, Priority: Normal",,,,,,
02:29.9,rundll32.exe,2732,ReadFile,C:\Windows\Fonts\StaticCache.dat,SUCCESS,"Offset: 6,942,720, Length: 32,768, I/O Flags: Non-cached, Paging I/O, Synchronous Paging I/O, Priority: Normal",,,,,,
02:29.9,rundll32.exe,2732,ReadFile,C:\Windows\Fonts\StaticCache.dat,SUCCESS,"Offset: 6,942,720, Length: 32,768, I/O Flags: Non-cached, Paging I/O, Synchronous Paging I/O, Priority: Normal",,,,,,
02:29.9,rundll32.exe,2732,ReadFile,C:\Windows\Fonts\StaticCache.dat,SUCCESS,"Offset: 6,942,720, Length: 32,768, I/O Flags: Non-cached, Paging I/O, Synchronous Paging I/O, Priority: Normal",,,,,,
02:29.9,rundll32.exe,2732,ReadFile,C:\Windows\Fonts\StaticCache.dat,SUCCESS,"Offset: 6,942,720, Length: 32,768, I/O Flags: Non-cached, Paging I/O, Synchronous Paging I/O, Priority: Normal",,,,,,
02:36.2,rundll32.exe,2732,RegCloseKey,HKLM\SOFTWARE\Microsoft\Windows,NT\CurrentVersion\LanguagePack\SurrogateFallback,SUCCESS,,,,,,
02:36.2,rundll32.exe,2732,RegCloseKey,HKLM\SOFTWARE\Microsoft\Windows,NT\CurrentVersion\LanguagePack\SurrogateFallback,SUCCESS,,,,,,
02:36.2,rundll32.exe,2732,RegCloseKey,HKLM\SOFTWARE\Microsoft\Windows,NT\CurrentVersion\LanguagePack\SurrogateFallback,SUCCESS,,,,,,
02:36.2,rundll32.exe,2732,RegCloseKey,HKLM\SOFTWARE\Microsoft\Windows,NT\CurrentVersion\LanguagePack\SurrogateFallback,SUCCESS,,,,,,
02:36.2,rundll32.exe,2732,RegCloseKey,HKLM\SOFTWARE\Microsoft\Windows,NT\CurrentVersion\LanguagePack\SurrogateFallback,SUCCESS,,,,,,
02:36.2,rundll32.exe,2732,RegCloseKey,HKLM\SOFTWARE\Microsoft\Windows,NT\CurrentVersion\LanguagePack\SurrogateFallback,SUCCESS,,,,,,
02:36.2,rundll32.exe,2732,RegCloseKey,HKLM\SOFTWARE\Microsoft\Windows,NT\CurrentVersion\LanguagePack\SurrogateFallback,SUCCESS,,,,,,
02:37.8,rundll32.exe,2732,RegQueryKey,HKCR\CompressedFolder,SUCCESS,Query:,Name,,,,,
02:37.8,rundll32.exe,2732,RegQueryKey,HKCR\CompressedFolder,SUCCESS,Query:,Name,,,,,
02:37.8,rundll32.exe,2732,RegQueryKey,HKCR\CompressedFolder,SUCCESS,Query:,Name,,,,,
02:37.8,rundll32.exe,2732,RegQueryKey,HKCR\CompressedFolder,SUCCESS,Query:,Name,,,,,
02:37.8,rundll32.exe,2732,RegQueryKey,HKCR\CompressedFolder,SUCCESS,Query:,Name,,,,,
02:39.8,rundll32.exe,2732,RegOpenKey,HKCU\Software\Classes\CompressedFolder,NAME,NOT,FOUND,Desired,Access:,Maximum,Allowed,
02:39.8,rundll32.exe,2732,RegOpenKey,HKCU\Software\Classes\CompressedFolder,NAME,NOT,FOUND,Desired,Access:,Maximum,Allowed,
02:39.8,rundll32.exe,2732,RegOpenKey,HKCU\Software\Classes\CompressedFolder,NAME,NOT,FOUND,Desired,Access:,Maximum,Allowed,
02:39.8,rundll32.exe,2732,RegOpenKey,HKCU\Software\Classes\CompressedFolder,NAME,NOT,FOUND,Desired,Access:,Maximum,Allowed,
02:39.8,rundll32.exe,2732,RegOpenKey,HKCU\Software\Classes\CompressedFolder,NAME,NOT,FOUND,Desired,Access:,Maximum,Allowed,
02:43.6,rundll32.exe,2732,RegQueryValue,HKCR\CompressedFolder\NoStaticDefaultVerb,NAME,NOT,FOUND,Length:,144,,,
02:44.2,rundll32.exe,2732,RegQueryKey,HKCR\CompressedFolder,SUCCESS,Query:,Name,,,,,
02:49.9,rundll32.exe,2732,RegQueryKey,HKCR\CompressedFolder\shell,SUCCESS,Query:,Name,,,,,
02:57.9,rundll32.exe,2732,RegCloseKey,HKLM\SOFTWARE\Microsoft\Windows,NT\CurrentVersion\LanguagePack\SurrogateFallback,SUCCESS,,,,,,
02:57.9,rundll32.exe,2732,RegCloseKey,HKLM\SOFTWARE\Microsoft\Windows,NT\CurrentVersion\LanguagePack\SurrogateFallback,SUCCESS,,,,,,
02:57.9,rundll32.exe,2732,RegCloseKey,HKLM\SOFTWARE\Microsoft\Windows,NT\CurrentVersion\LanguagePack\SurrogateFallback,SUCCESS,,,,,,
02:57.9,rundll32.exe,2732,RegCloseKey,HKLM\SOFTWARE\Microsoft\Windows,NT\CurrentVersion\LanguagePack\SurrogateFallback,SUCCESS,,,,,,
02:57.9,rundll32.exe,2732,RegCloseKey,HKLM\SOFTWARE\Microsoft\Windows,NT\CurrentVersion\LanguagePack\SurrogateFallback,SUCCESS,,,,,,
02:59.3,rundll32.exe,2732,RegQueryKey,HKCR\CompressedFolder,SUCCESS,Query:,Name,,,,,
03:06.5,rundll32.exe,2732,RegQueryValue,HKCR\CompressedFolder\NoStaticDefaultVerb,NAME,NOT,FOUND,Length:,144,,,
03:06.5,rundll32.exe,2732,RegQueryValue,HKCR\CompressedFolder\NoStaticDefaultVerb,NAME,NOT,FOUND,Length:,144,,,
03:06.5,rundll32.exe,2732,RegQueryValue,HKCR\CompressedFolder\NoStaticDefaultVerb,NAME,NOT,FOUND,Length:,144,,,
03:06.5,rundll32.exe,2732,RegQueryValue,HKCR\CompressedFolder\NoStaticDefaultVerb,NAME,NOT,FOUND,Length:,144,,,
03:10.2,rundll32.exe,2732,RegQueryKey,HKCR\CompressedFolder,SUCCESS,Query:,Name,,,,,
03:15.6,rundll32.exe,2732,RegOpenKey,HKCR\CompressedFolder\shell,SUCCESS,Desired,Access:,Read,,,,
03:17.2,rundll32.exe,2732,RegQueryKey,HKCR\CompressedFolder\shell,SUCCESS,Query:,Name,,,,,
03:18.3,rundll32.exe,2732,RegOpenKey,HKCU\Software\Classes\CompressedFolder\shell,NAME,NOT,FOUND,Desired,Access:,Maximum,Allowed,
03:19.8,rundll32.exe,2732,RegCloseKey,HKLM\SOFTWARE\Microsoft\Windows,NT\CurrentVersion\LanguagePack\SurrogateFallback,SUCCESS,,,,,,
03:19.8,rundll32.exe,2732,RegCloseKey,HKLM\SOFTWARE\Microsoft\Windows,NT\CurrentVersion\LanguagePack\SurrogateFallback,SUCCESS,,,,,,
03:19.8,rundll32.exe,2732,RegCloseKey,HKLM\SOFTWARE\Microsoft\Windows,NT\CurrentVersion\LanguagePack\SurrogateFallback,SUCCESS,,,,,,
03:20.2,rundll32.exe,2732,RegQueryKey,HKCR\CompressedFolder,SUCCESS,Query:,Name,,,,,
03:21.3,rundll32.exe,2732,RegOpenKey,HKCU\Software\Classes\CompressedFolder,NAME,NOT,FOUND,Desired,Access:,Maximum,Allowed,
03:22.7,rundll32.exe,2732,RegQueryValue,HKCR\CompressedFolder\NoStaticDefaultVerb,NAME,NOT,FOUND,Length:,144,,,
03:24.2,rundll32.exe,2732,RegQueryKey,HKCR\CompressedFolder,SUCCESS,Query:,Name,,,,,
03:26.1,rundll32.exe,2732,RegOpenKey,HKCU\Software\Classes\CompressedFolder\shell,NAME,NOT,FOUND,Desired,Access:,Read,,
03:28.3,rundll32.exe,2732,RegOpenKey,HKCR\CompressedFolder\shell,SUCCESS,Desired,Access:,Read,,,,
03:30.9,rundll32.exe,2732,RegQueryKey,HKCR\CompressedFolder\shell,SUCCESS,Query:,Name,,,,,
03:32.2,rundll32.exe,2732,RegOpenKey,HKCU\Software\Classes\CompressedFolder\shell,NAME,NOT,FOUND,Desired,Access:,Maximum,Allowed,
04:59.9,lsass.exe,476,QueryBasicInformationFile,HKLM\SAM\SAM\DOMAINS\Account\Groups\000003E8,NAME,NOT,FOUND,Desired,Access:,Read/Write,,
05:02.4,lsass.exe,502,RegCloseKey,HKLM\SAM\SAM\Domains\Account\Users\000003E8,SUCCESS,,,,,,,
05:07.8,lsass.exe,499,RegQueryValue,HKLM\SAM\SAM\Domains\Account\Users\000003E8\V,SUCCESS,"Type: REG_BINARY, Length: 444, Data: 00 00 00 00 BC 00 00 00 02 00 01 00 BC 00 00 00",,,,,,
05:08.4,lsass.exe,502,RegCloseKey,HKLM\SAM\SAM\Domains\Account\Users\000003E8,SUCCESS,,,,,,,
05:09.4,lsass.exe,502,RegCloseKey,HKLM\SAM\SAM\Domains\Account\Users\000003E8,SUCCESS,,,,,,,
05:10.4,lsass.exe,502,RegCloseKey,HKLM\SAM\SAM\Domains\Account\Users\000003E8,SUCCESS,,,,,,,
05:12.5,lsass.exe,476,QueryBasicInformationFile,HKLM\SAM\SAM\DOMAINS\Account\Groups\000003E8,NAME,NOT,FOUND,Desired,Access:,Read/Write,,
05:14.7,lsass.exe,476,QueryBasicInformationFile,HKLM\SAM\SAM\DOMAINS\Account\Aliases\000003E8,NAME,NOT,FOUND,Desired,Access:,Read/Write,,
05:18.3,lsass.exe,476,QueryBasicInformationFile,HKLM\SAM\SAM\DOMAINS\Account\Users\000003E8,SUCCESS,Desired,Access:,Read/Write,,,,
05:21.7,lsass.exe,499,RegQueryValue,HKLM\SAM\SAM\Domains\Account\Users\000003E8\V,SUCCESS,"Type: REG_BINARY, Length: 444, Data: 00 00 00 00 BC 00 00 00 02 00 01 00 BC 00 00 00",,,,,,
05:22.4,lsass.exe,502,RegCloseKey,HKLM\SAM\SAM\Domains\Account\Users\000003E8,SUCCESS,,,,,,,
05:23.4,lsass.exe,502,RegCloseKey,HKLM\SAM\SAM\Domains\Account\Users\000003E8,SUCCESS,,,,,,,
08:24.3,lsass.exe,502,QueryBasicInformationFile,HKLM\SAM\SAM\DOMAINS\Account\Groups\000003E8,NAME,NOT,FOUND,Desired,Access:,Read/Write,,
08:26.6,lsass.exe,502,QueryBasicInformationFile,HKLM\SAM\SAM\DOMAINS\Account\Aliases\000003E8,NAME,NOT,FOUND,Desired,Access:,Read/Write,,
08:29.2,lsass.exe,502,QueryBasicInformationFile,HKLM\SAM\SAM\DOMAINS\Account\Users\000003E8,SUCCESS,Desired,Access:,Read/Write,,,,
08:24.3,lsass.exe,502,QueryBasicInformationFile,HKLM\SAM\SAM\DOMAINS\Account\Groups\000003E8,NAME,NOT,FOUND,Desired,Access:,Read/Write,,
08:26.6,lsass.exe,502,QueryBasicInformationFile,HKLM\SAM\SAM\DOMAINS\Account\Aliases\000003E8,NAME,NOT,FOUND,Desired,Access:,Read/Write,,
08:29.2,lsass.exe,502,QueryBasicInformationFile,HKLM\SAM\SAM\DOMAINS\Account\Users\000003E8,SUCCESS,Desired,Access:,Read/Write,,,,
08:29.2,lsass.exe,502,QueryBasicInformationFile,HKLM\SAM\SAM\DOMAINS\Account\Users\000003E8,SUCCESS,Desired,Access:,Read/Write,,,,
08:32.8,lsass.exe,496,RegQueryValue,HKLM\SAM\SAM\Domains\Account\Users\000003E8\V,SUCCESS,"Type: REG_BINARY, Length: 444, Data: 00 00 00 00 BC 00 00 00 02 00 01 00 BC 00 00 00",,,,,,
08:32.8,lsass.exe,496,RegQueryValue,HKLM\SAM\SAM\Domains\Account\Users\000003E8\V,SUCCESS,"Type: REG_BINARY, Length: 444, Data: 00 00 00 00 BC 00 00 00 02 00 01 00 BC 00 00 00",,,,,,
08:32.8,lsass.exe,496,RegQueryValue,HKLM\SAM\SAM\Domains\Account\Users\000003E8\V,SUCCESS,"Type: REG_BINARY, Length: 444, Data: 00 00 00 00 BC 00 00 00 02 00 01 00 BC 00 00 00",,,,,,
08:32.8,lsass.exe,496,RegQueryValue,HKLM\SAM\SAM\Domains\Account\Users\000003E8\V,SUCCESS,"Type: REG_BINARY, Length: 444, Data: 00 00 00 00 BC 00 00 00 02 00 01 00 BC 00 00 00",,,,,,
08:32.8,lsass.exe,496,RegQueryValue,HKLM\SAM\SAM\Domains\Account\Users\000003E8\V,SUCCESS,"Type: REG_BINARY, Length: 444, Data: 00 00 00 00 BC 00 00 00 02 00 01 00 BC 00 00 00",,,,,,
08:32.8,lsass.exe,496,RegQueryValue,HKLM\SAM\SAM\Domains\Account\Users\000003E8\V,SUCCESS,"Type: REG_BINARY, Length: 444, Data: 00 00 00 00 BC 00 00 00 02 00 01 00 BC 00 00 00",,,,,,
08:32.8,lsass.exe,496,RegQueryValue,HKLM\SAM\SAM\Domains\Account\Users\000003E8\V,SUCCESS,"Type: REG_BINARY, Length: 444, Data: 00 00 00 00 BC 00 00 00 02 00 01 00 BC 00 00 00",,,,,,
08:32.8,lsass.exe,496,RegQueryValue,HKLM\SAM\SAM\Domains\Account\Users\000003E8\V,SUCCESS,"Type: REG_BINARY, Length: 444, Data: 00 00 00 00 BC 00 00 00 02 00 01 00 BC 00 00 00",,,,,,
08:32.8,lsass.exe,496,RegQueryValue,HKLM\SAM\SAM\Domains\Account\Users\000003E8\V,SUCCESS,"Type: REG_BINARY, Length: 444, Data: 00 00 00 00 BC 00 00 00 02 00 01 00 BC 00 00 00",,,,,,
08:35.9,lsass.exe,500,RegCloseKey,HKLM\SAM\SAM\Domains\Account\Users\000003E8,SUCCESS,,,,,,,
08:35.9,lsass.exe,500,RegCloseKey,HKLM\SAM\SAM\Domains\Account\Users\000003E8,SUCCESS,,,,,,,
08:35.9,lsass.exe,500,RegCloseKey,HKLM\SAM\SAM\Domains\Account\Users\000003E8,SUCCESS,,,,,,,
08:35.9,lsass.exe,500,RegCloseKey,HKLM\SAM\SAM\Domains\Account\Users\000003E8,SUCCESS,,,,,,,
08:35.9,lsass.exe,500,RegCloseKey,HKLM\SAM\SAM\Domains\Account\Users\000003E8,SUCCESS,,,,,,,
08:35.9,lsass.exe,500,RegCloseKey,HKLM\SAM\SAM\Domains\Account\Users\000003E8,SUCCESS,,,,,,,
08:39.5,lsass.exe,502,RegOpenKey,HKLM\SAM\SAM\DOMAINS\Account\Aliases\000003E8,NAME,NOT,FOUND,Desired,Access:,Read/Write,,
08:43.8,lsass.exe,502,RegOpenKey,HKLM\SAM\SAM\DOMAINS\Account\Users\000003E8,SUCCESS,Desired,Access:,Read/Write,,,,
08:37.1,lsass.exe,502,RegOpenKey,HKLM\SAM\SAM\DOMAINS\Account\Groups\000003E8,NAME,NOT,FOUND,Desired,Access:,Read/Write,,
08:39.5,lsass.exe,502,RegOpenKey,HKLM\SAM\SAM\DOMAINS\Account\Aliases\000003E8,NAME,NOT,FOUND,Desired,Access:,Read/Write,,
08:43.8,lsass.exe,502,RegOpenKey,HKLM\SAM\SAM\DOMAINS\Account\Users\000003E8,SUCCESS,Desired,Access:,Read/Write,,,,
08:43.8,lsass.exe,502,RegOpenKey,HKLM\SAM\SAM\DOMAINS\Account\Users\000003E8,SUCCESS,Desired,Access:,Read/Write,,,,
08:45.6,lsass.exe,496,RegQueryValue,HKLM\SAM\SAM\Domains\Account\Users\000003E8\V,SUCCESS,"Type: REG_BINARY, Length: 444, Data: 00 00 00 00 BC 00 00 00 02 00 01 00 BC 00 00 00",,,,,,
14:49.1,SearchIndexer.exe,2560,RegOpenKey,HKLM\SOFTWARE\Policies\Microsoft\Windows\Windows,Search,NAME,NOT,FOUND,Desired,Access:,Query,Value
14:49.1,SearchIndexer.exe,2560,RegOpenKey,HKLM\SOFTWARE\Policies\Microsoft\Windows\Windows,Search,NAME,NOT,FOUND,Desired,Access:,Query,Value
14:49.1,SearchIndexer.exe,2560,RegOpenKey,HKLM\SOFTWARE\Policies\Microsoft\Windows\Windows,Search,NAME,NOT,FOUND,Desired,Access:,Query,Value
14:49.1,SearchIndexer.exe,2560,RegOpenKey,HKLM\SOFTWARE\Policies\Microsoft\Windows\Windows,Search,NAME,NOT,FOUND,Desired,Access:,Query,Value
14:49.1,SearchIndexer.exe,2560,RegOpenKey,HKLM\SOFTWARE\Policies\Microsoft\Windows\Windows,Search,NAME,NOT,FOUND,Desired,Access:,Query,Value
14:49.1,SearchIndexer.exe,2560,RegOpenKey,HKLM\SOFTWARE\Policies\Microsoft\Windows\Windows,Search,NAME,NOT,FOUND,Desired,Access:,Query,Value
14:49.1,SearchIndexer.exe,2560,RegOpenKey,HKLM\SOFTWARE\Policies\Microsoft\Windows\Windows,Search,NAME,NOT,FOUND,Desired,Access:,Query,Value
14:49.1,SearchIndexer.exe,2560,RegOpenKey,HKLM\SOFTWARE\Policies\Microsoft\Windows\Windows,Search,NAME,NOT,FOUND,Desired,Access:,Query,Value
14:49.1,SearchIndexer.exe,2560,RegOpenKey,HKLM\SOFTWARE\Policies\Microsoft\Windows\Windows,Search,NAME,NOT,FOUND,Desired,Access:,Query,Value
14:49.1,SearchIndexer.exe,2560,RegOpenKey,HKLM\SOFTWARE\Policies\Microsoft\Windows\Windows,Search,NAME,NOT,FOUND,Desired,Access:,Query,Value
14:49.1,SearchIndexer.exe,2560,RegOpenKey,HKLM\SOFTWARE\Policies\Microsoft\Windows\Windows,Search,NAME,NOT,FOUND,Desired,Access:,Query,Value
14:50.5,SearchIndexer.exe,2560,CreateFile,C:\ProgramData\Microsoft\Search\Data,SUCCESS,"Desired Access: Synchronize, Disposition: Open, Options: Directory, Synchronous IO Non-Alert, Open For Free Space Query, Attributes: n/a, ShareMode: None, AllocationSize: n/a, OpenResult: Opened",,,,,,
14:50.5,SearchIndexer.exe,2560,CreateFile,C:\ProgramData\Microsoft\Search\Data,SUCCESS,"Desired Access: Synchronize, Disposition: Open, Options: Directory, Synchronous IO Non-Alert, Open For Free Space Query, Attributes: n/a, ShareMode: None, AllocationSize: n/a, OpenResult: Opened",,,,,,
14:50.5,SearchIndexer.exe,2560,CreateFile,C:\ProgramData\Microsoft\Search\Data,SUCCESS,"Desired Access: Synchronize, Disposition: Open, Options: Directory, Synchronous IO Non-Alert, Open For Free Space Query, Attributes: n/a, ShareMode: None, AllocationSize: n/a, OpenResult: Opened",,,,,,
14:50.5,SearchIndexer.exe,2560,CreateFile,C:\ProgramData\Microsoft\Search\Data,SUCCESS,"Desired Access: Synchronize, Disposition: Open, Options: Directory, Synchronous IO Non-Alert, Open For Free Space Query, Attributes: n/a, ShareMode: None, AllocationSize: n/a, OpenResult: Opened",,,,,,
14:50.5,SearchIndexer.exe,2560,CreateFile,C:\ProgramData\Microsoft\Search\Data,SUCCESS,"Desired Access: Synchronize, Disposition: Open, Options: Directory, Synchronous IO Non-Alert, Open For Free Space Query, Attributes: n/a, ShareMode: None, AllocationSize: n/a, OpenResult: Opened",,,,,,
14:50.5,SearchIndexer.exe,2560,CreateFile,C:\ProgramData\Microsoft\Search\Data,SUCCESS,"Desired Access: Synchronize, Disposition: Open, Options: Directory, Synchronous IO Non-Alert, Open For Free Space Query, Attributes: n/a, ShareMode: None, AllocationSize: n/a, OpenResult: Opened",,,,,,
14:50.5,SearchIndexer.exe,2560,CreateFile,C:\ProgramData\Microsoft\Search\Data,SUCCESS,"Desired Access: Synchronize, Disposition: Open, Options: Directory, Synchronous IO Non-Alert, Open For Free Space Query, Attributes: n/a, ShareMode: None, AllocationSize: n/a, OpenResult: Opened",,,,,,
14:50.5,SearchIndexer.exe,2560,CreateFile,C:\ProgramData\Microsoft\Search\Data,SUCCESS,"Desired Access: Synchronize, Disposition: Open, Options: Directory, Synchronous IO Non-Alert, Open For Free Space Query, Attributes: n/a, ShareMode: None, AllocationSize: n/a, OpenResult: Opened",,,,,,
14:50.5,SearchIndexer.exe,2560,CreateFile,C:\ProgramData\Microsoft\Search\Data,SUCCESS,"Desired Access: Synchronize, Disposition: Open, Options: Directory, Synchronous IO Non-Alert, Open For Free Space Query, Attributes: n/a, ShareMode: None, AllocationSize: n/a, OpenResult: Opened",,,,,,
14:50.5,SearchIndexer.exe,2560,CreateFile,C:\ProgramData\Microsoft\Search\Data,SUCCESS,"Desired Access: Synchronize, Disposition: Open, Options: Directory, Synchronous IO Non-Alert, Open For Free Space Query, Attributes: n/a, ShareMode: None, AllocationSize: n/a, OpenResult: Opened",,,,,,
14:50.5,SearchIndexer.exe,2560,CreateFile,C:\ProgramData\Microsoft\Search\Data,SUCCESS,"Desired Access: Synchronize, Disposition: Open, Options: Directory, Synchronous IO Non-Alert, Open For Free Space Query, Attributes: n/a, ShareMode: None, AllocationSize: n/a, OpenResult: Opened",,,,,,
14:50.5,SearchIndexer.exe,2560,CreateFile,C:\ProgramData\Microsoft\Search\Data,SUCCESS,"Desired Access: Synchronize, Disposition: Open, Options: Directory, Synchronous IO Non-Alert, Open For Free Space Query, Attributes: n/a, ShareMode: None, AllocationSize: n/a, OpenResult: Opened",,,,,,
14:50.5,SearchIndexer.exe,2560,CreateFile,C:\ProgramData\Microsoft\Search\Data,SUCCESS,"Desired Access: Synchronize, Disposition: Open, Options: Directory, Synchronous IO Non-Alert, Open For Free Space Query, Attributes: n/a, ShareMode: None, AllocationSize: n/a, OpenResult: Opened",,,,,,
14:53.5,SearchIndexer.exe,2560,QuerySizeInformationVolume,C:\ProgramData\Microsoft\Search\Data,SUCCESS,"TotalAllocationUnits: 11,150,591, AvailableAllocationUnits: 7,265,348, SectorsPerAllocationUnit: 8, BytesPerSector: 512",,,,,,
14:53.5,SearchIndexer.exe,2560,QuerySizeInformationVolume,C:\ProgramData\Microsoft\Search\Data,SUCCESS,"TotalAllocationUnits: 11,150,591, AvailableAllocationUnits: 7,265,348, SectorsPerAllocationUnit: 8, BytesPerSector: 512",,,,,,
14:53.5,SearchIndexer.exe,2560,QuerySizeInformationVolume,C:\ProgramData\Microsoft\Search\Data,SUCCESS,"TotalAllocationUnits: 11,150,591, AvailableAllocationUnits: 7,265,348, SectorsPerAllocationUnit: 8, BytesPerSector: 512",,,,,,
14:53.5,SearchIndexer.exe,2560,QuerySizeInformationVolume,C:\ProgramData\Microsoft\Search\Data,SUCCESS,"TotalAllocationUnits: 11,150,591, AvailableAllocationUnits: 7,265,348, SectorsPerAllocationUnit: 8, BytesPerSector: 512",,,,,,
14:53.5,SearchIndexer.exe,2560,QuerySizeInformationVolume,C:\ProgramData\Microsoft\Search\Data,SUCCESS,"TotalAllocationUnits: 11,150,591, AvailableAllocationUnits: 7,265,348, SectorsPerAllocationUnit: 8, BytesPerSector: 512",,,,,,
14:53.5,SearchIndexer.exe,2560,QuerySizeInformationVolume,C:\ProgramData\Microsoft\Search\Data,SUCCESS,"TotalAllocationUnits: 11,150,591, AvailableAllocationUnits: 7,265,348, SectorsPerAllocationUnit: 8, BytesPerSector: 512",,,,,,
14:53.5,SearchIndexer.exe,2560,QuerySizeInformationVolume,C:\ProgramData\Microsoft\Search\Data,SUCCESS,"TotalAllocationUnits: 11,150,591, AvailableAllocationUnits: 7,265,348, SectorsPerAllocationUnit: 8, BytesPerSector: 512",,,,,,
14:53.5,SearchIndexer.exe,2560,QuerySizeInformationVolume,C:\ProgramData\Microsoft\Search\Data,SUCCESS,"TotalAllocationUnits: 11,150,591, AvailableAllocationUnits: 7,265,348, SectorsPerAllocationUnit: 8, BytesPerSector: 512",,,,,,
14:53.5,SearchIndexer.exe,2560,QuerySizeInformationVolume,C:\ProgramData\Microsoft\Search\Data,SUCCESS,"TotalAllocationUnits: 11,150,591, AvailableAllocationUnits: 7,265,348, SectorsPerAllocationUnit: 8, BytesPerSector: 512",,,,,,
14:53.5,SearchIndexer.exe,2560,QuerySizeInformationVolume,C:\ProgramData\Microsoft\Search\Data,SUCCESS,"TotalAllocationUnits: 11,150,591, AvailableAllocationUnits: 7,265,348, SectorsPerAllocationUnit: 8, BytesPerSector: 512",,,,,,
14:53.5,SearchIndexer.exe,2560,QuerySizeInformationVolume,C:\ProgramData\Microsoft\Search\Data,SUCCESS,"TotalAllocationUnits: 11,150,591, AvailableAllocationUnits: 7,265,348, SectorsPerAllocationUnit: 8, BytesPerSector: 512",,,,,,
14:53.5,SearchIndexer.exe,2560,QuerySizeInformationVolume,C:\ProgramData\Microsoft\Search\Data,SUCCESS,"TotalAllocationUnits: 11,150,591, AvailableAllocationUnits: 7,265,348, SectorsPerAllocationUnit: 8, BytesPerSector: 512",,,,,,
14:54.5,SearchIndexer.exe,2560,CloseFile,C:\ProgramData\Microsoft\Search\Data,SUCCESS,,,,,,,
14:54.5,SearchIndexer.exe,2560,CloseFile,C:\ProgramData\Microsoft\Search\Data,SUCCESS,,,,,,,
14:54.5,SearchIndexer.exe,2560,CloseFile,C:\ProgramData\Microsoft\Search\Data,SUCCESS,,,,,,,
14:54.5,SearchIndexer.exe,2560,CloseFile,C:\ProgramData\Microsoft\Search\Data,SUCCESS,,,,,,,
14:54.5,SearchIndexer.exe,2560,CloseFile,C:\ProgramData\Microsoft\Search\Data,SUCCESS,,,,,,,
14:54.5,SearchIndexer.exe,2560,CloseFile,C:\ProgramData\Microsoft\Search\Data,SUCCESS,,,,,,,
14:54.5,SearchIndexer.exe,2560,CloseFile,C:\ProgramData\Microsoft\Search\Data,SUCCESS,,,,,,,
14:54.5,SearchIndexer.exe,2560,CloseFile,C:\ProgramData\Microsoft\Search\Data,SUCCESS,,,,,,,
14:54.5,SearchIndexer.exe,2560,CloseFile,C:\ProgramData\Microsoft\Search\Data,SUCCESS,,,,,,,
14:54.5,SearchIndexer.exe,2560,CloseFile,C:\ProgramData\Microsoft\Search\Data,SUCCESS,,,,,,,
14:54.5,SearchIndexer.exe,2560,CloseFile,C:\ProgramData\Microsoft\Search\Data,SUCCESS,,,,,,,
14:54.5,SearchIndexer.exe,2560,CloseFile,C:\ProgramData\Microsoft\Search\Data,SUCCESS,,,,,,,